"","name","iso","c","y","Region","var","latest","Circumstances","Gini","MLD","Sample","Gini_trees_exante","MLD_trees_exante","Gini_trees_exante_rel","MLD_trees_exante_rel","Gini_rforest_exante","MLD_rforest_exante","Gini_rforest_exante_rel","MLD_rforest_exante_rel","abs_gini_deb","sd_abs_gini_deb","rel_gini_deb","sd_rel_gini_deb","Gini_trees_expost","MLD_trees_expost","Gini_trees_expost_rel","MLD_trees_expost_rel"
"1","Argentina","ARG","ARG","2014","LATAM","Income",1,"all",0.3884,0.2759,6632,0.167,0.0438,42.9969104016478,15.8753171438927,0.1786,0.0499,45.9835221421215,18.0862631388184,0.162,0.0084,41.72,1.76,0.1773,0.0506,45.648815653965,18.3399782529902
"2","Armenia","ARM","ARM","2016","Asia + Oceania","Income",1,"all",0.4695,0.4059,1221,0.1783,0.0593,37.9765708200213,14.6095097314609,0.2121,0.0813,45.1757188498403,20.029563932003,0.1735,0.1338,36.91,21.92,0.2343,0.3464,49.9041533546326,85.3412170485341
"3","Australia","AUS","AUS","2005","Asia + Oceania","Income",0,"all",0.3367,0.1941,5684,0.0773,0.0098,22.958122958123,5.0489438433797,0.0894,0.0125,26.5518265518266,6.43997939206595,0.0698,0.0087,20.71,2.3,0.0547,0.0057,16.2459162459162,2.93663060278207
"4","Australia","AUS","AUS","2007","Asia + Oceania","Income",0,"all",0.3439,0.2042,5778,0.0787,0.0101,22.8845594649607,4.94613124387855,0.0951,0.0141,27.6533876126781,6.90499510284035,0.0802,0.0106,23.33,2.67,0.0643,0.0099,18.6972957255016,4.84818805093046
"5","Australia","AUS","AUS","2009","Asia + Oceania","Income",0,"all",0.3255,0.1874,6137,0.0563,0.0055,17.2964669738863,2.93489861259338,0.0807,0.0102,24.7926267281106,5.44290288153682,0.0599,0.0098,18.41,2.73,0.0844,0.0281,25.9293394777266,14.9946638207044
"6","Australia","AUS","AUS","2011","Asia + Oceania","Income",0,"all",0.3311,0.1902,8184,0.0733,0.0087,22.1383267894896,4.57413249211356,0.0873,0.0118,26.3666565992147,6.20399579390116,0.0699,0.0059,21.1,1.63,0.0651,0.0073,19.661733615222,3.83806519453207
"7","Australia","AUS","AUS","2013","Asia + Oceania","Income",0,"all",0.3309,0.1903,8398,0.0584,0.0065,17.6488365064974,3.41565948502365,0.0795,0.01,24.0253853127833,5.25486074619023,0.0601,0.0061,18.16,1.7,0.0684,0.0087,20.6708975521306,4.5717288491855
"8","Australia","AUS","AUS","2015","Asia + Oceania","Income",0,"all",0.3346,0.1923,8625,0.0717,0.0091,21.4285714285714,4.7321892875715,0.0884,0.0123,26.4196054991034,6.39625585023401,0.0714,0.0065,21.35,1.72,0.073,0.0084,21.8170950388524,4.36817472698908
"9","Australia","AUS","AUS","2017","Asia + Oceania","Income",0,"all",0.3457,0.2074,8830,0.0709,0.0089,20.5091119467747,4.29122468659595,0.0912,0.0131,26.3812554237778,6.31629701060752,0.0685,0.0076,19.82,1.98,0.0875,0.0238,25.3109632629447,11.4754098360656
"10","Australia","AUS","AUS","2019","Asia + Oceania","Income",1,"all",0.3531,0.2168,8934,0.0806,0.0105,22.8263947890116,4.84317343173432,0.0942,0.0136,26.677994902294,6.27306273062731,0.0759,0.0071,21.5,1.78,0.0814,0.013,23.0529595015576,5.99630996309963
"11","Austria","AUT","AT","2005","Europe","Income",0,"all",0.2724,0.134,5424,0.089,0.0148,32.6725403817915,11.044776119403,0.0995,0.0165,36.5271659324523,12.3134328358209,0.1062,0.0042,38.96,1.44,0.0965,0.0166,35.4258443465492,12.3880597014925
"12","Austria","AUT","AT","2011","Europe","Income",0,"all",0.2757,0.1397,6446,0.0881,0.0137,31.9550235763511,9.8067287043665,0.0914,0.0142,33.151976786362,10.1646385110952,0.0487,0.0041,17.65,1.72,0.089,0.0148,32.2814653608995,10.5941302791697
"13","Austria","AUT","AT","2019","Europe","Income",1,"all",0.2804,0.1555,5726,0.0957,0.0167,34.1298145506419,10.7395498392283,0.0988,0.016,35.2353780313837,10.2893890675241,0.066,0.0056,23.54,2.05,0.0908,0.0157,32.3823109843081,10.096463022508
"14","Belgium","BEL","BE","2005","Europe","Income",0,"all",0.2604,0.1222,2386,0.1067,0.0201,40.9754224270353,16.4484451718494,0.1119,0.0206,42.9723502304147,16.8576104746317,0.1157,0.0078,44.4,2.42,0.0916,0.0168,35.1766513056836,13.7479541734861
"15","Belgium","BEL","BE","2011","Europe","Income",0,"all",0.2562,0.1253,4846,0.0892,0.0164,34.8165495706479,13.0885873902634,0.1056,0.0203,41.2177985948478,16.2011173184357,0.1155,0.0108,45.07,3.29,0.1388,0.0354,54.176424668228,28.2521947326417
"16","Belgium","BEL","BE","2019","Europe","Income",1,"all",0.2428,0.1064,7055,0.0966,0.0179,39.7858319604613,16.8233082706767,0.1041,0.0191,42.8747940691928,17.9511278195489,0.103,0.0033,42.41,1.32,0.1071,0.0214,44.1103789126853,20.1127819548872
"17","Benin","BEN","BEN","2018","Africa","Consumption",1,"all",0.3483,0.1988,14338,0.14,0.0361,40.1952339936836,18.158953722334,0.1296,0.032,37.2093023255814,16.0965794768612,0.1401,0.0044,40.23,1.09,0.1325,0.0331,38.0419178868791,16.6498993963783
"18","Burkina Faso","BFA","BFA","2018","Africa","Consumption",1,"all",0.3792,0.2351,12925,0.1232,0.0424,32.4894514767932,18.0348787749894,0.0934,0.0247,24.6308016877637,10.5061675882603,0.1248,0.0061,32.91,1.45,0.0991,0.0235,26.1339662447257,9.99574649085496
"19","Bulgaria","BGR","BG","2011","Europe","Income",0,"all",0.328,0.1959,6633,0.1473,0.0356,44.9085365853658,18.1725370086779,0.1468,0.0339,44.7560975609756,17.3047473200613,0.1898,0.0047,57.85,1.37,0.1573,0.0405,47.9573170731707,20.6738131699847
"20","Bulgaria","BGR","BG","2019","Europe","Income",1,"all",0.4065,0.2964,7025,0.222,0.0806,54.6125461254613,27.1929824561403,0.198,0.0619,48.7084870848709,20.8839406207827,0.2803,0.009,68.94,1.32,0.19,0.0583,46.740467404674,19.6693657219973
"21","Bolivia","BOL","BOL","2008","LATAM","Income",1,"all",0.4999,0.5048,4197,0.2781,0.1311,55.631126225245,25.9706814580032,0.2938,0.1442,58.7717543508702,28.5657686212361,0.2881,0.0121,57.61,1.77,0.3405,0.2375,68.1136227245449,47.0483359746434
"22","Brazil","BRA","BRA","2014","LATAM","Income",1,"all",0.4875,0.4266,41031,0.3218,0.1652,66.0102564102564,38.7248007501172,0.3203,0.1626,65.7025641025641,38.1153305203938,0.3275,0.0036,67.18,0.45,0.3393,0.1913,69.6,44.8429442100328
"23","Switzerland","CHE","CH","2011","Europe","Income",0,"all",0.2803,0.137,6512,0.0836,0.0119,29.8251872993221,8.68613138686131,0.0934,0.0143,33.3214413128791,10.4379562043796,0.0513,0.0059,18.3,2.26,0.0744,0.009,26.5429896539422,6.56934306569343
"24","Switzerland","CHE","CH","2019","Europe","Income",1,"all",0.2832,0.1454,5782,0.0843,0.0111,29.7669491525424,7.63411279229711,0.0933,0.0147,32.9449152542373,10.1100412654745,0.0618,0.0071,21.8,3.32,0.0735,0.0094,25.9533898305085,6.46492434662999
"25","Chile","CHL","CHL","2006","LATAM","Income",0,"all",0.5184,0.4725,97558,0.2686,0.1141,51.8132716049383,24.1481481481481,0.2699,0.115,52.0640432098765,24.3386243386243,0.2686,0.0065,51.8132716049383,2.3,0.3288,0.215,63.4259259259259,45.5026455026455
"26","Chile","CHL","CHL","2011","LATAM","Income",0,"all",0.5142,0.4641,64756,0.2844,0.1274,55.3092182030338,27.4509803921569,0.2713,0.1155,52.7615713730066,24.8868778280543,0.2844,0.0014,55.3092182030338,7.4,0.305,0.1737,59.315441462466,37.4272786037492
"27","Chile","CHL","CHL","2013","LATAM","Income",0,"all",0.507,0.452,68473,0.2652,0.11,52.3076923076923,24.3362831858407,0.2486,0.0963,49.0335305719921,21.3053097345133,0.2653,0.0085,52.32741617357,4.5,0.2786,0.1578,54.9506903353057,34.9115044247788
"28","Chile","CHL","CHL","2015","LATAM","Income",1,"all",0.492,0.4577,88309,0.2388,0.0889,48.5365853658537,19.4232029713786,0.2477,0.0954,50.3455284552846,20.8433471706358,0.2388,0.0078,48.5365853658537,4.5,0.3088,0.2321,62.7642276422764,50.7100720996286
"29","China","CHN","CHI","2010","Asia + Oceania","Income",0,"all",0.4961,0.4752,17402,0.2033,0.0683,40.9796412013707,14.3728956228956,0.2272,0.0824,45.7972183027615,17.3400673400673,0.2101,0.0096,42.36,1.56,0.2661,0.1331,53.6383793590002,28.0092592592593
"30","China","CHN","CHI","2012","Asia + Oceania","Income",0,"all",0.5033,0.5573,21694,0.1719,0.0523,34.1545797734949,9.3845325677373,0.1755,0.0522,34.869858931055,9.36658891082003,0.1908,0.0249,35.11,3.81,0.2183,0.1242,43.3737333598252,22.2860218912614
"31","China","CHN","CHI","2014","Asia + Oceania","Income",0,"all",0.4832,0.5256,16981,0.1742,0.0532,36.0513245033112,10.1217656012177,0.1965,0.0663,40.6663907284768,12.6141552511416,0.1812,0.0172,37.5,2.74,0.2073,0.1037,42.9014900662252,19.7298325722983
"32","China","CHN","CHI","2016","Asia + Oceania","Income",0,"all",0.5186,0.512,17188,0.1649,0.0503,31.7971461627459,9.82421875,0.2046,0.067,39.4523717701504,13.0859375,0.172,0.0216,33.16,3.33,0.2934,0.2089,56.5753952950251,40.80078125
"33","China","CHN","CHI","2018","Asia + Oceania","Income",1,"all",0.4972,0.4585,15915,0.1939,0.0615,38.9983909895414,13.4133042529989,0.2194,0.076,44.1271118262269,16.5757906215922,0.1789,0.0158,35.98,2.54,0.2925,0.1721,58.8294448913918,37.5354416575791
"34","Ivory Coast","CIV","CIV","2018","Africa","Consumption",1,"all",0.3251,0.1726,17069,0.1233,0.0282,37.9267917563826,16.3383545770568,0.1025,0.0217,31.5287603814211,12.5724217844728,0.1222,0.0033,37.59,0.92,0.1012,0.0195,31.128883420486,11.297798377752
"35","Colombia","COL","COL","2010","LATAM","Income",1,"all",0.5352,0.5471,25924,0.2452,0.1008,45.8146487294469,18.4244196673369,0.257,0.1063,48.0194319880419,19.42972034363,0.2487,0.005,46.47,0.8,0.3328,0.252,62.1823617339312,46.0610491683422
"36","Cyprus","CYP","CY","2005","Europe","Income",0,"all",0.2971,0.1533,7015,0.1206,0.0269,40.592393133625,17.5472928897586,0.1277,0.0279,42.9821608885897,18.1996086105675,0.1481,0.0056,49.85,1.38,0.1347,0.0317,45.3382699427802,20.6784083496412
"37","Cyprus","CYP","CY","2011","Europe","Income",0,"all",0.2846,0.1423,5086,0.0954,0.0166,33.5207308503162,11.6654954321855,0.1034,0.0185,36.3316936050597,13.0007027406887,0.1285,0.0062,45.15,2.25,0.1107,0.0223,38.8966971187632,15.671117357695
"38","Cyprus","CYP","CY","2019","Europe","Income",1,"all",0.3147,0.169,5515,0.1573,0.0405,49.984111852558,23.9644970414201,0.1603,0.0413,50.9374006990785,24.4378698224852,0.1592,0.0073,50.59,2,0.1714,0.0489,54.4645694312043,28.9349112426036
"39","Czech Rep.","CZE","CZ","2005","Europe","Income",0,"all",0.2682,0.1238,6382,0.0915,0.0144,34.1163310961969,11.6316639741519,0.0923,0.0141,34.4146159582401,11.389337641357,0.1109,0.0044,41.33,1.35,0.0873,0.0126,32.5503355704698,10.1777059773829
"40","Czech Rep.","CZE","CZ","2011","Europe","Income",0,"all",0.2573,0.1167,6722,0.0803,0.0103,31.2087057909056,8.82604970008569,0.0773,0.0094,30.0427516517684,8.05484147386461,0.1201,0.0039,46.67,1.33,0.0677,0.0073,26.3116984065293,6.25535561268209
"41","Czech Rep.","CZE","CZ","2019","Europe","Income",1,"all",0.2393,0.0987,8300,0.0752,0.009,31.4249895528625,9.11854103343465,0.0791,0.0098,33.0547430004179,9.9290780141844,0.0927,0.0033,38.72,1.32,0.0731,0.0083,30.5474300041788,8.40932117527862
"42","Germany","DEU","DE","2005","Europe","Income",0,"all",0.3041,0.1623,8257,0.1314,0.0302,43.2094705688918,18.607516943931,0.1392,0.032,45.7744163104242,19.7165742452249,0.1281,0.0039,42.11,1.24,0.1509,0.0402,49.6218349227228,24.7689463955638
"43","Germany","DEU","DE","2011","Europe","Income",0,"all",0.275,0.1397,9825,0.082,0.025,29.81828,17.89555,0.0931,0.0201,33.8545,14.3888,0.0931,0.0039,33.85,2.07,0.0913,0.0142,33.25648,10.1646
"44","Germany","DEU","DE","2019","Europe","Income",1,"all",0.2786,0.1382,7354,0.0803,0.011,28.8226848528356,7.95947901591896,0.0873,0.0123,31.335247666906,8.90014471780029,0.0493,0.0051,17.7,2.31,0.0738,0.0092,26.4895908111988,6.65701881331404
"45","Denmark","DNK","DK","2005","Europe","Income",0,"all",0.2864,0.1425,2100,0.1539,0.0525,53.7360335195531,36.8421052631579,0.1387,0.0373,48.4287709497207,26.1754385964912,0.0192,0.0106,6.72,7.11,0.1469,0.0452,51.2918994413408,31.719298245614
"46","Denmark","DNK","DK","2011","Europe","Income",0,"all",0.2572,0.1238,2153,0.0375,0.0034,14.5800933125972,2.74636510500808,0.0486,0.0042,18.895800933126,3.39256865912763,0.0655,0.0087,25.45,3.41,0.0375,0.0035,14.5800933125972,2.82714054927302
"47","Denmark","DNK","DK","2019","Europe","Income",1,"all",0.2684,0.1425,2677,0.0561,0.0055,20.9016393442623,3.85964912280702,0.0722,0.008,26.9001490312966,5.6140350877193,0.0506,0.0084,18.85,3.21,0.057,0.0052,21.2369597615499,3.64912280701754
"48","Ecuador","ECU","ECU","2006","LATAM","Income",0,"all",0.5204,0.5413,25465,0.295,0.1435,56.6871637202152,26.5102530944024,0.2921,0.1375,56.1299000768639,25.4018104563089,0.3003,0.0048,57.71,0.71,0.3469,0.2327,66.6602613374327,42.9891003140588
"49","Ecuador","ECU","ECU","2014","LATAM","Income",1,"all",0.455,0.3768,51007,0.227,0.081,49.8901098901099,21.4968152866242,0.2289,0.0822,50.3076923076923,21.8152866242038,0.23,0.0033,50.55,0.57,0.273,0.1421,60,37.7123142250531
"50","Spain","ESP","ES","2005","Europe","Income",0,"all",0.3118,0.1862,20165,0.104,0.0175,33.3547145606158,9.3984962406015,0.1119,0.0201,35.8883899935856,10.7948442534909,0.1271,0.0026,40.77,0.91,0.111,0.0205,35.5997434252726,11.0096670247046
"51","Spain","ESP","ES","2011","Europe","Income",0,"all",0.3285,0.203,15624,0.1341,0.0296,40.8219178082192,14.5812807881773,0.1279,0.0275,38.9345509893455,13.5467980295566,0.132,0.0033,40.17,1.04,0.1384,0.0328,42.130898021309,16.1576354679803
"52","Spain","ESP","ES","2019","Europe","Income",1,"all",0.329,0.2111,19315,0.151,0.0376,45.8966565349544,17.8114637612506,0.1453,0.0355,44.1641337386018,16.816674561819,0.1616,0.0027,49.1,1.01,0.159,0.0448,48.3282674772037,21.222169587873
"53","Estonia","EST","EE","2005","Europe","Income",0,"all",0.3347,0.204,6865,0.0873,0.0137,26.0830594562295,6.7156862745098,0.0952,0.0145,28.4433821332537,7.1078431372549,0.1484,0.0048,44.32,1.39,0.0766,0.0111,22.8861667164625,5.44117647058824
"54","Estonia","EST","EE","2011","Europe","Income",0,"all",0.3211,0.1972,5070,0.0836,0.012,26.0355029585799,6.08519269776876,0.0895,0.0128,27.8729367798194,6.49087221095335,0.1478,0.0049,46.02,1.72,0.0714,0.0084,22.2360635316101,4.25963488843813
"55","Estonia","EST","EE","2019","Europe","Income",1,"all",0.2804,0.1505,6715,0.0724,0.0087,25.8202567760342,5.78073089700997,0.0831,0.0107,29.6362339514979,7.10963455149502,0.1222,0.0034,43.58,1.35,0.0814,0.0112,29.0299572039943,7.44186046511628
"56","Finland","FIN","FI","2005","Europe","Income",0,"all",0.2708,0.1318,8402,0.0895,0.0148,33.0502215657312,11.2291350531108,0.108,0.0214,39.8818316100443,16.236722306525,0.0284,0.0071,10.5,4.41,0.1206,0.0345,44.5347119645495,26.1760242792109
"57","Finland","FIN","FI","2011","Europe","Income",0,"all",0.2662,0.13,3442,0.0417,0.0031,15.6649135987979,2.38461538461539,0.064,0.0077,24.0420736288505,5.92307692307692,0.049,0.0104,18.41,4.86,0.0537,0.0078,20.1728024042074,6
"58","Finland","FIN","FI","2019","Europe","Income",1,"all",0.2867,0.143,6229,0.092,0.0142,32.0892919427974,9.93006993006993,0.1094,0.0191,38.1583536798047,13.3566433566434,0.0445,0.0062,15.53,3.05,0.0935,0.0139,32.6124869201256,9.72027972027972
"59","France","FRA","FR","2005","Europe","Income",0,"all",0.2699,0.1235,12254,0.0939,0.0164,34.7906632085958,13.2793522267207,0.1076,0.02,39.866617265654,16.1943319838057,0.0881,0.003,32.63,1.15,0.1038,0.0188,38.4586884031123,15.2226720647773
"60","France","FRA","FR","2011","Europe","Income",0,"all",0.2951,0.1546,10436,0.0934,0.0149,31.6502880379532,9.63777490297542,0.1064,0.0188,36.0555743815656,12.1604139715395,0.1039,0.0056,35.21,1.96,0.0991,0.0245,33.5818366655371,15.8473479948254
"61","France","FRA","FR","2019","Europe","Income",1,"all",0.2865,0.1449,10114,0.1114,0.0202,38.8830715532286,13.9406487232574,0.1229,0.0279,42.8970331588133,19.2546583850932,0.1241,0.0134,43.33,5.6,0.1185,0.0247,41.3612565445026,17.0462387853692
"62","United Kingdom","GBR","UK","2005","Europe","Income",0,"all",0.3127,0.1762,4046,0.0843,0.0116,26.9587464023025,6.58342792281498,0.1213,0.0275,38.7911736488647,15.6072644721907,0.0944,0.0084,30.18,4.71,0.1135,0.0296,36.296770067157,16.7990919409762
"63","United Kingdom","GBR","UK","2011","Europe","Income",1,"all",0.3237,0.1867,5952,0.076,0.0106,23.4785295026259,5.67755757900375,0.0955,0.0147,29.5026258881681,7.87359400107124,0.087,0.0076,26.87,2.29,0.0869,0.0159,26.8458449181341,8.51633636850563
"64","Georgia","GEO","GEO","2016","Asia + Oceania","Income",1,"all",0.4911,0.4271,1317,0.1339,0.0447,27.2653227448585,10.4659330367595,0.2079,0.0691,42.3335369578497,16.178880824163,0.1511,0.0686,30.75,11.54,0.1284,0.0315,26.1453879047037,7.37532193865605
"65","Ghana","GHA","GHA","2013","Africa","Consumption",0,"all",0.423,0.3104,30182,0.1771,0.0547,41.8676122931442,17.6224226804124,0.1928,0.0627,45.5791962174941,20.1997422680412,0.1819,0.0041,42.99,0.8,0.2073,0.0736,49.0070921985816,23.7113402061856
"66","Ghana","GHA","GHA","2017","Africa","Consumption",1,"all",0.4204,0.3138,24753,0.1524,0.0391,36.2511893434824,12.4601657106437,0.1608,0.0415,38.2492863939106,13.2249840662843,0.152,0.0048,36.17,1,0.1715,0.0515,40.7944814462417,16.4117272147865
"67","Gambia","GMB","GAM","2015","Africa","Income",1,"all",0.5755,0.6697,28738,0.1988,0.0662,34.5438748913988,9.88502314469165,0.1945,0.0583,33.7966985230235,8.70539047334628,0.2244,0.0069,39.07,1.07,0.2335,0.1118,40.5734144222415,16.6940421084068
"68","Guinea Bissau","GNB","GNB","2018","Africa","Consumption",1,"all",0.3122,0.1582,9793,0.1422,0.0319,45.5477258167841,20.1643489254109,0.1343,0.0289,43.0172966047406,18.26801517067,0.1424,0.0039,45.61,1.07,0.1372,0.0292,43.9461883408072,18.4576485461441
"69","Greece","GRC","EL","2005","Europe","Income",0,"all",0.3194,0.1837,8498,0.1164,0.0238,36.4433312460864,12.95590636908,0.1324,0.0281,41.4527238572323,15.2966793685357,0.1802,0.004,56.4,1.26,0.1297,0.0296,40.6073888541014,16.113228089276
"70","Greece","GRC","EL","2011","Europe","Income",0,"all",0.3289,0.2055,5009,0.1352,0.0332,41.1067193675889,16.1557177615572,0.1371,0.0309,41.6844025539678,15.036496350365,0.2371,0.0058,72.08,1.98,0.1443,0.0347,43.8735177865613,16.8856447688565
"71","Greece","GRC","EL","2019","Europe","Income",1,"all",0.306,0.1655,16083,0.1104,0.0202,36.078431372549,12.2054380664653,0.1171,0.0225,38.2679738562092,13.595166163142,0.1792,0.0033,58.54,1.22,0.1261,0.0318,41.2091503267974,19.214501510574
"72","Guatemala","GTM","GTM","2000","LATAM","Income",0,"all",0.5443,0.5651,14690,0.3181,0.1639,58.4420356421091,29.0037161564325,0.3099,0.1521,56.9355135035826,26.9155901610334,0.329,0.0098,60.44,1.28,0.3672,0.3075,67.4627962520669,54.4151477614581
"73","Guatemala","GTM","GTM","2006","LATAM","Income",0,"all",0.5461,0.5768,28640,0.3611,0.2096,66.1234206189343,36.3384188626907,0.3397,0.1829,62.2047244094488,31.7094313453537,0.3624,0.0084,66.36,1.06,0.3823,0.2892,70.0054934993591,50.1386962552011
"74","Guatemala","GTM","GTM","2011","LATAM","Income",1,"all",0.5257,0.5187,29008,0.2977,0.1421,56.6292562297889,27.3954116059379,0.2911,0.1362,55.3737873311775,26.257952573742,0.2976,0.0103,56.6,1.39,0.3298,0.2512,62.7354004184896,48.4287642182379
"75","Croatia","HRV","HR","2011","Europe","Income",1,"all",0.3057,0.1773,6070,0.0969,0.0164,31.6977428851816,9.24985899605189,0.1073,0.0184,35.0997710173372,10.3778905809363,0.1749,0.0042,57.2,1.56,0.118,0.022,38.5999345763821,12.4083474337281
"76","Hungary","HUN","HU","2005","Europe","Income",0,"all",0.2941,0.1523,7394,0.118,0.0245,40.1224073444407,16.0866710439921,0.1193,0.0235,40.564433866032,15.43007222587,0.1468,0.0063,49.89,1.52,0.096,0.0153,32.641958517511,10.0459619172685
"77","Hungary","HUN","HU","2011","Europe","Income",0,"all",0.278,0.1306,13409,0.1012,0.0162,36.4028776978417,12.4042879019908,0.1082,0.0184,38.9208633093525,14.0888208269525,0.1357,0.0028,48.8,0.99,0.1074,0.018,38.6330935251799,13.7825421133231
"78","Hungary","HUN","HU","2019","Europe","Income",1,"all",0.2754,0.1458,5325,0.0709,0.0083,25.7443718228032,5.69272976680384,0.0891,0.0124,32.3529411764706,8.50480109739369,0.165,0.0057,59.92,2.04,0.0801,0.0102,29.0849673202614,6.99588477366255
"79","Indonesia","IDN","IDN","2000","Asia + Oceania","Consumption",0,"all",0.4461,0.3395,14655,0.1478,0.0437,33.131584846447,12.8718703976436,0.1485,0.0395,33.2885003362475,11.6347569955817,0.1519,0.0092,34.04,1.74,0.1675,0.0481,37.5476350594037,14.1678939617084
"80","Indonesia","IDN","IDN","2014","Asia + Oceania","Consumption",1,"all",0.4859,0.4167,5547,0.1111,0.0294,22.8647869932085,7.05543556515479,0.1464,0.0357,30.1296563078823,8.56731461483081,0.1318,0.0133,27.12,2.49,0.1477,0.0422,30.3972010701791,10.127189824814
"81","India","IND","ind","2005","Asia + Oceania","Income",0,"all",0.4993,0.4572,77907,0.2825,0.1253,56.5792108952533,27.405949256343,0.2668,0.1109,53.4348087322251,24.2563429571304,0.2904,0.0057,58.3,0.96,0.3055,0.1779,61.1856599238935,38.9107611548556
"82","India","IND","ind","2012","Asia + Oceania","Income",1,"all",0.5271,0.5179,97828,0.2921,0.1354,55.4164295200152,26.144043251593,0.2794,0.1228,53.0070195408841,23.7111411469396,0.2927,0.0054,55.41,0.89,0.3273,0.2071,62.0944792259533,39.9884147518826
"83","Ireland","IRL","IE","2005","Europe","Income",0,"all",0.3091,0.1761,2148,0.1225,0.0279,39.6311873180201,15.8432708688245,0.1264,0.0257,40.8929149142672,14.5939806927882,0.1358,0.0159,43.92,3.52,0.1055,0.0184,34.1313490779683,10.4486087450312
"84","Ireland","IRL","IE","2011","Europe","Income",0,"all",0.2908,0.1503,3238,0.0818,0.0115,28.1292984869326,7.65136393878909,0.0937,0.014,32.2214580467675,9.31470392548237,0.0833,0.0055,28.62,2.52,0.0839,0.0123,28.8514442916094,8.18363273453094
"85","Ireland","IRL","IE","2019","Europe","Income",1,"all",0.2812,0.1361,4172,0.1048,0.0176,37.2688477951636,12.9316678912564,0.1245,0.024,44.2745376955903,17.634092578986,0.147,0.0064,52.24,2.09,0.1173,0.0216,41.7140825035562,15.8706833210874
"86","Iceland","ISL","IS","2005","Europe","Income",1,"all",0.2632,0.1292,2585,0.0551,0.0074,20.9346504559271,5.72755417956656,0.081,0.0109,30.7750759878419,8.43653250773994,0.0018,0.0101,0.68,4.68,0.0746,0.0106,28.3434650455927,8.20433436532508
"87","Italy","ITA","IT","2005","Europe","Income",0,"all",0.3252,0.1955,34431,0.1323,0.0282,40.6826568265683,14.4245524296675,0.1245,0.0246,38.2841328413284,12.5831202046036,0.1366,0.0025,42.01,0.81,0.1295,0.0269,39.8216482164822,13.7595907928389
"88","Italy","ITA","IT","2011","Europe","Income",0,"all",0.3206,0.206,22555,0.1224,0.0244,38.1784154709919,11.8446601941748,0.1219,0.0248,38.0224578914535,12.0388349514563,0.1074,0.0034,33.51,1.35,0.1261,0.0325,39.3325015595758,15.7766990291262
"89","Italy","ITA","IT","2019","Europe","Income",1,"all",0.3154,0.2073,19410,0.1168,0.0218,37.0323398858592,10.5161601543657,0.108,0.0191,34.2422320862397,9.21369995176073,0.1004,0.0026,31.83,1.03,0.1253,0.0261,39.7273303741281,12.5904486251809
"90","Kazakhstan","KAZ","KAZ","2016","Asia + Oceania","Income",1,"all",0.3812,0.255,1098,0.0332,0.0048,8.7093389296957,1.88235294117647,0.1023,0.016,26.8363064008395,6.27450980392157,0.0639,0.0278,16.74,6.81,0.0971,0.0241,25.4721930745016,9.45098039215686
"91","Kyrgyzstan","KGZ","KGZ","2016","Asia + Oceania","Income",1,"all",0.476,0.4113,1268,0.1208,0.0276,25.3781512605042,6.71043034281546,0.1556,0.0378,32.6890756302521,9.19037199124726,0.1005,0.0313,21.09,6.11,0.246,0.2958,51.6806722689076,71.9183078045223
"92","South Korea","KOR","KOR","1999","Asia + Oceania","Income",0,"all",0.3901,0.2898,7885,0.0582,0.01,14.919251473981,3.45065562456867,0.0937,0.0155,24.0194821840554,5.34851621808144,0.0705,0.0079,18.08,1.86,0.0897,0.0168,22.994104075878,5.79710144927536
"93","South Korea","KOR","KOR","2001","Asia + Oceania","Income",0,"all",0.3949,0.2976,9229,0.0711,0.0106,18.0045581159787,3.56182795698925,0.0954,0.0152,24.1580146872626,5.10752688172043,0.0739,0.0071,18.71,1.65,0.0903,0.0174,22.8665484932895,5.84677419354839
"94","South Korea","KOR","KOR","2003","Asia + Oceania","Income",0,"all",0.4028,0.2965,8557,0.0764,0.0114,18.9672293942403,3.84485666104553,0.103,0.0178,25.571002979146,6.00337268128162,0.0775,0.0086,19.24,1.93,0.1174,0.0523,29.1459781529295,17.6391231028668
"95","South Korea","KOR","KOR","2005","Asia + Oceania","Income",0,"all",0.3919,0.2774,8598,0.0952,0.0155,24.2919112018372,5.58759913482336,0.1116,0.0207,28.4766522071957,7.46214852198991,0.0818,0.011,20.87,2.5,0.1305,0.0588,33.2993110487369,21.1968276856525
"96","South Korea","KOR","KOR","2007","Asia + Oceania","Income",0,"all",0.4084,0.3004,8817,0.0638,0.0075,15.6219392752204,2.49667110519308,0.1073,0.02,26.2732615083252,6.6577896138482,0.0786,0.0135,19.25,2.93,0.1226,0.0586,30.0195886385896,19.5073235685752
"97","South Korea","KOR","KOR","2009","Asia + Oceania","Income",0,"all",0.3731,0.2577,8689,0.0704,0.0085,18.8689359421067,3.29840900271634,0.0992,0.017,26.5880461002412,6.59681800543267,0.0653,0.0094,17.49,2.29,0.1075,0.029,28.8126507638703,11.2533954210322
"98","South Korea","KOR","KOR","2011","Asia + Oceania","Income",0,"all",0.3681,0.2438,8590,0.0632,0.0074,17.1692474870959,3.03527481542248,0.0972,0.0155,26.4058679706601,6.35767022149303,0.0584,0.0113,15.87,2.8,0.1058,0.0317,28.7421896223852,13.0024610336341
"99","South Korea","KOR","KOR","2013","Asia + Oceania","Income",0,"all",0.358,0.2278,8635,0.0781,0.0108,21.8156424581006,4.74100087796313,0.0936,0.0146,26.145251396648,6.40913081650571,0.066,0.0108,18.43,2.72,0.0942,0.024,26.3128491620112,10.5355575065847
"100","South Korea","KOR","KOR","2015","Asia + Oceania","Income",0,"all",0.3486,0.2149,8831,0.0434,0.0052,12.4497991967872,2.41973010702652,0.0842,0.0117,24.1537578886977,5.44439274080968,0.0523,0.0099,15.01,2.64,0.0889,0.0343,25.5020080321285,15.9609120521173
"101","South Korea","KOR","KOR","2017","Asia + Oceania","Income",0,"all",0.3601,0.2295,9248,0.0652,0.0122,18.1060816439878,5.31590413943355,0.0897,0.0144,24.9097472924188,6.27450980392157,0.0704,0.0105,19.56,2.62,0.0749,0.0123,20.799777839489,5.35947712418301
"102","South Korea","KOR","KOR","2019","Asia + Oceania","Income",1,"all",0.3313,0.1979,9275,0.0633,0.0074,19.1065499547238,3.73926225366347,0.0809,0.0107,24.418955629339,5.40677109651339,0.052,0.0105,15.7,2.95,0.0591,0.0079,17.8388167823725,3.99191510864073
"103","Lithuania","LTU","LT","2005","Europe","Income",0,"all",0.3664,0.245,7008,0.104,0.0193,28.3842794759825,7.87755102040816,0.1128,0.0209,30.7860262008734,8.53061224489796,0.1258,0.0049,34.32,1.42,0.1112,0.022,30.3493449781659,8.97959183673469
"104","Lithuania","LTU","LT","2011","Europe","Income",0,"all",0.335,0.2119,4772,0.0954,0.0153,28.4776119402985,7.2203869749882,0.0956,0.0149,28.5373134328358,7.03161868806041,0.1618,0.0053,48.27,2.2,0.0803,0.0118,23.9701492537313,5.56866446436999
"105","Lithuania","LTU","LT","2019","Europe","Income",1,"all",0.3413,0.2197,4381,0.1065,0.0183,31.2042191620275,8.329540282203,0.104,0.0167,30.4717257544682,7.60127446517979,0.1555,0.006,45.54,2.11,0.103,0.0184,30.1787283914445,8.37505689576695
"106","Luxembourg","LUX","LU","2005","Europe","Income",0,"all",0.2667,0.1234,5536,0.1259,0.026,47.2065991751031,21.0696920583468,0.135,0.0297,50.6186726659168,24.0680713128039,0.1098,0.004,41.16,2.01,0.1351,0.0319,50.6561679790026,25.8508914100486
"107","Luxembourg","LUX","LU","2011","Europe","Income",0,"all",0.2692,0.126,7074,0.1289,0.0272,47.8826151560178,21.5873015873016,0.1335,0.0283,49.591381872214,22.4603174603175,0.146,0.0036,54.22,1.59,0.1303,0.0274,48.4026745913819,21.7460317460318
"108","Luxembourg","LUX","LU","2019","Europe","Income",1,"all",0.3221,0.1935,4284,0.132,0.0307,40.9810617820553,15.8656330749354,0.1417,0.0319,43.9925488978578,16.4857881136951,0.1481,0.0074,45.97,2.14,0.1344,0.031,41.7261719962745,16.0206718346253
"109","Latvia","LVA","LV","2005","Europe","Income",0,"all",0.3632,0.2465,5156,0.1063,0.0187,29.2676211453744,7.58620689655173,0.1284,0.0257,35.352422907489,10.4259634888438,0.1352,0.0076,37.22,1.83,0.1172,0.0245,32.2687224669604,9.93914807302231
"110","Latvia","LVA","LV","2011","Europe","Income",0,"all",0.3519,0.2393,6441,0.0929,0.0142,26.3995453253765,5.93397409109904,0.1088,0.0188,30.9178743961353,7.85624738821563,0.1183,0.005,33.62,1.39,0.1086,0.0198,30.8610400682012,8.2741328875888
"111","Latvia","LVA","LV","2019","Europe","Income",1,"all",0.3371,0.214,3832,0.0861,0.0131,25.541382379116,6.1214953271028,0.1067,0.0176,31.6523286858499,8.22429906542056,0.1304,0.0066,38.66,1.88,0.1035,0.0191,30.7030554731534,8.92523364485981
"112","Mexico","MEX","MEX","2017","North America","Income",1,"all",0.4446,0.3487,12899,0.1969,0.0626,44.2869995501574,17.952394608546,0.1948,0.0597,43.8146648672965,17.1207341554345,0.1948,0.0097,43.81,3.08,0.195,0.067,43.859649122807,19.2142242615429
"113","Mali","MLI","MLI","2019","Africa","Consumption",1,"all",0.3435,0.1897,15599,0.1247,0.0322,36.3027656477438,16.9741697416974,0.1141,0.0267,33.216885007278,14.0748550342646,0.134,0.0044,39,1.18,0.1217,0.0301,35.429403202329,15.8671586715867
"114","Malta","MLT","MT","2011","Europe","Income",0,"all",0.2639,0.1221,4573,0.0772,0.0107,29.2535051155741,8.76330876330876,0.0871,0.0127,33.0049261083744,10.4013104013104,0.1124,0.0043,42.59,1.66,0.0836,0.0128,31.6786661614248,10.4832104832105
"115","Malta","MLT","MT","2019","Europe","Income",1,"all",0.2655,0.1262,4145,0.0827,0.0116,31.1487758945386,9.19175911251981,0.0906,0.013,34.1242937853107,10.3011093502377,0.0894,0.0045,33.65,1.99,0.0913,0.0142,34.3879472693032,11.2519809825673
"116","Mongolia","MNG","MNG","2016","Asia + Oceania","Income",1,"all",0.4961,0.4607,1394,0.0964,0.0237,19.4315662164886,5.14434556110267,0.1785,0.0504,35.980649062689,10.9398741046234,0.1347,0.0516,27.13,8.76,0.2868,0.1616,57.8109252166902,35.0770566529195
"117","Malawi","MWI","MWI","2020","Africa","Consumption",1,"all",0.3571,0.2079,26248,0.1613,0.0537,45.1694203304397,25.8297258297258,0.1558,0.0511,43.629235508261,24.5791245791246,0.1624,0.0043,45.46,0.97,0.1699,0.0565,47.577709325119,27.1765271765272
"118","Niger","NER","NER","2018","Africa","Consumption",1,"all",0.3114,0.1604,6891,0.0822,0.0288,26.3969171483622,17.9551122194514,0.0787,0.0266,25.2729608220938,16.5835411471322,0.0876,0.0111,28.12,3.09,0.0823,0.0266,26.4290301862556,16.5835411471322
"119","Nigeria","NGA","NGA","2019","Africa","Consumption",1,"all",0.2881,0.1377,23120,0.1265,0.0249,43.9083651509892,18.082788671024,0.1202,0.0226,41.7216244359597,16.4124909222948,0.121,0.0026,42.01,0.76,0.1318,0.0267,45.7480041652204,19.3899782135076
"120","Netherlands","NLD","NL","2005","Europe","Income",0,"all",0.2716,0.1341,6123,0.0855,0.0141,31.480117820324,10.5145413870246,0.0853,0.0132,31.4064801178203,9.84340044742729,0.0899,0.0046,33.11,1.45,0.0853,0.0152,31.4064801178203,11.3348247576436
"121","Netherlands","NLD","NL","2011","Europe","Income",0,"all",0.2495,0.106,5201,0.0372,0.003,14.9098196392786,2.83018867924528,0.0585,0.0055,23.4468937875751,5.18867924528302,0.0378,0.0046,15.15,3.06,0.0484,0.0039,19.3987975951904,3.67924528301887
"122","Netherlands","NLD","NL","2019","Europe","Income",1,"all",0.2553,0.1149,6949,0.0634,0.007,24.8335291813553,6.09225413402959,0.0858,0.0117,33.6075205640423,10.1827676240209,0.0499,0.0047,19.55,3.18,0.1062,0.0313,41.5981198589894,27.2410791993037
"123","Norway","NOR","NO","2005","Europe","Income",0,"all",0.2474,0.1154,2882,0.0791,0.0182,31.9725141471301,15.7712305025996,0.0937,0.0166,37.8738884397737,14.3847487001733,0.004,0.011,1.62,6.6,0.0955,0.0179,38.6014551333872,15.5112651646447
"124","Norway","NOR","NO","2011","Europe","Income",0,"all",0.2268,0.1007,2566,0.0313,0.0022,13.8007054673721,2.18470705064548,0.0529,0.0044,23.3245149911817,4.36941410129096,0.0318,0.0061,14,3.32,0.0374,0.0026,16.4902998236332,2.58192651439921
"125","Norway","NOR","NO","2019","Europe","Income",1,"all",0.2731,0.1487,3272,0.0988,0.0176,36.1772244599048,11.8359112306658,0.112,0.0202,41.0106188209447,13.5843981170141,0.0125,0.0079,4.56,5.27,0.1073,0.0196,39.2896374954229,13.1809011432414
"126","Nepal","NPL","NPL","2003","Asia + Oceania","Income",0,"all",0.4629,0.3588,7797,0.2428,0.0981,52.451933462951,27.3411371237458,0.2362,0.0908,51.0261395549795,25.3065774804905,0.244,0.0103,52.72,1.9,0.2542,0.1042,54.9146683949017,29.041248606466
"127","Nepal","NPL","NPL","2011","Asia + Oceania","Income",1,"all",0.5414,0.5201,11672,0.2208,0.079,40.7831547838936,15.1893866564122,0.2252,0.0797,41.5958625785002,15.3239761584311,0.2234,0.0101,41.26,1.75,0.2729,0.1261,50.4063538973033,24.2453374351086
"128","Panama","PAN","PAN","2003","LATAM","Income",1,"all",0.527,0.6359,13557,0.3059,0.1564,58.0455407969639,24.595062116685,0.2861,0.1317,54.2884250474383,20.7108035854694,0.4174,0.005,79.2,0.88,0.3345,0.2089,63.472485768501,32.8510772133983
"129","Peru","PER","PER","2001","LATAM","Income",0,"all",0.4969,0.4724,31648,0.2971,0.1425,59.7907023545985,30.1651143099069,0.3019,0.1441,60.7566914872208,30.5038103302286,0.3884,0.0036,78.15,0.74,0.3205,0.2039,64.499899376132,43.1625740897545
"130","Peru","PER","PER","2006","LATAM","Income",0,"all",0.477,0.4229,23722,0.3157,0.1609,66.1844863731656,38.0468195790967,0.3095,0.1533,64.8846960167715,36.2497044218491,0.4134,0.0034,86.66,0.67,0.3337,0.1883,69.958071278826,44.5258926460156
"131","Peru","PER","PER","2007","LATAM","Income",0,"all",0.4755,0.4301,26074,0.3144,0.1581,66.1198738170347,36.7588932806324,0.3134,0.1582,65.9095688748686,36.7821436875145,0.4134,0.0032,86.95,0.62,0.3367,0.1944,70.8096740273397,45.1987909788421
"132","Peru","PER","PER","2008","LATAM","Income",0,"all",0.4471,0.3777,25287,0.2816,0.1283,62.9836725564751,33.9687582737622,0.2864,0.132,64.0572578841422,34.9483717235902,0.3852,0.003,86.15,0.62,0.3085,0.1649,69.0002236636099,43.6589886153032
"133","Peru","PER","PER","2009","LATAM","Income",0,"all",0.4472,0.3739,26016,0.2784,0.1243,62.2540250447227,33.2441829366141,0.2797,0.1254,62.5447227191413,33.5383792457877,0.3826,0.0032,85.55,0.64,0.2969,0.1527,66.3908765652952,40.8397967370955
"134","Peru","PER","PER","2010","LATAM","Income",0,"all",0.4411,0.3587,25270,0.2646,0.1113,59.986397642258,31.0287148034569,0.2676,0.1132,60.6665155293584,31.5584053526624,0.3699,0.0033,83.86,0.68,0.289,0.142,65.5180231240082,39.5873989406189
"135","Peru","PER","PER","2011","LATAM","Income",0,"all",0.4366,0.3528,28610,0.2576,0.1058,59.0013742556115,29.9886621315193,0.2547,0.1025,58.3371507100321,29.0532879818594,0.3472,0.0031,79.52,0.81,0.2853,0.1449,65.3458543289052,41.0714285714286
"136","Peru","PER","PER","2012","LATAM","Income",0,"all",0.4279,0.3417,29545,0.2517,0.1011,58.8221547090442,29.5873573309921,0.2534,0.1021,59.2194437952793,29.880011706175,0.3624,0.0028,84.69,0.7,0.2804,0.137,65.5293292825426,40.0936494000585
"137","Peru","PER","PER","2013","LATAM","Income",0,"all",0.4255,0.3351,34717,0.2473,0.0988,58.1198589894242,29.4837361981498,0.256,0.1042,60.1645123384254,31.0951954640406,0.342,0.0025,80.37,0.59,0.2799,0.131,65.7814336075206,39.09280811698
"138","Peru","PER","PER","2014","LATAM","Income",0,"all",0.4156,0.3182,34532,0.2524,0.1025,60.7314725697786,32.2124450031427,0.2593,0.1065,62.3917228103946,33.4695160276556,0.3413,0.0024,82.12,0.59,0.2844,0.134,68.4311838306063,42.1118793211816
"139","Peru","PER","PER","2015","LATAM","Income",1,"all",0.4225,0.327,34607,0.2604,0.1092,61.6331360946746,33.394495412844,0.2673,0.113,63.2662721893491,34.5565749235474,0.3441,0.0025,81.44,0.63,0.2865,0.1361,67.810650887574,41.6207951070336
"140","Poland","POL","PL","2005","Europe","Income",0,"all",0.3573,0.2362,24921,0.1329,0.0286,37.1956339210747,12.108382726503,0.1251,0.0257,35.0125944584383,10.8806096528366,0.1886,0.003,52.78,0.7,0.1276,0.0313,35.7122865938987,13.2514817950889
"141","Poland","POL","PL","2011","Europe","Income",0,"all",0.3144,0.1777,14602,0.0926,0.0142,29.4529262086514,7.99099606077659,0.0966,0.015,30.7251908396947,8.4411930219471,0.1578,0.0034,50.2,1.09,0.0995,0.0181,31.647582697201,10.1857062464828
"142","Poland","POL","PL","2019","Europe","Income",1,"all",0.2818,0.1465,17227,0.0844,0.0112,29.9503193754436,7.64505119453925,0.0882,0.0122,31.2987934705465,8.32764505119454,0.1359,0.0026,48.23,1,0.0925,0.0134,32.8246983676366,9.14675767918089
"143","Portugal","PRT","PT","2005","Europe","Income",0,"all",0.3775,0.2507,7453,0.1786,0.0554,47.3112582781457,22.098125249302,0.1861,0.0577,49.2980132450331,23.0155564419625,0.231,0.0057,61.18,1.23,0.1804,0.055,47.7880794701987,21.9385719984045
"144","Portugal","PRT","PT","2011","Europe","Income",0,"all",0.3367,0.1967,6121,0.1334,0.0314,39.6198396198396,15.9633960345704,0.1465,0.0355,43.5105435105435,18.047788510422,0.2013,0.0048,59.8,1.45,0.1406,0.0336,41.7582417582418,17.0818505338078
"145","Portugal","PRT","PT","2019","Europe","Income",1,"all",0.3059,0.1724,15867,0.1184,0.0243,38.705459300425,14.0951276102088,0.1347,0.03,44.0339980385747,17.4013921113689,0.1963,0.0029,64.17,1.33,0.1354,0.0301,44.2628309905198,17.4593967517401
"146","Romania","ROU","RO","2011","Europe","Income",0,"all",0.3383,0.2167,6561,0.1509,0.0383,44.6053798403784,17.6742039686202,0.1443,0.0337,42.654448714159,15.5514536225196,0.221,0.0047,65.31,1.46,0.1751,0.0518,51.7587939698493,23.9040147669589
"147","Romania","ROU","RO","2019","Europe","Income",1,"all",0.3406,0.2328,7955,0.1507,0.0383,44.2454492072813,16.4518900343643,0.1436,0.0326,42.1608925425719,14.0034364261168,0.1753,0.004,51.45,1.38,0.198,0.0741,58.1327069876688,31.8298969072165
"148","Senegal","SEN","SEN","2018","Africa","Consumption",1,"all",0.3144,0.1597,10307,0.1069,0.0279,34.001272264631,17.4702567313713,0.093,0.0219,29.5801526717557,13.7132122730119,0.1108,0.0045,35.24,1.31,0.1023,0.0245,32.5381679389313,15.3412648716343
"149","Sierra Leone","SLE","SRL","2011","Africa","Consumption",0,"all",0.3116,0.1583,1678,0.1424,0.0384,45.6996148908857,24.2577384712571,0.171,0.0474,54.8780487804878,29.943145925458,0.2383,0.0088,76.42,2.1,0.1591,0.0418,51.0590500641849,26.4055590650663
"150","Sierra Leone","SLE","SRL","2018","Africa","Consumption",1,"all",0.3106,0.1583,10947,0.137,0.0348,44.1081777205409,21.9835754895768,0.1369,0.0358,44.0759819703799,22.6152874289324,0.1822,0.0047,58.66,1.57,0.1436,0.0357,46.2330972311655,22.5521162349968
"151","Slovakia","SVK","SK","2005","Europe","Income",0,"all",0.2719,0.1326,7665,0.0773,0.0096,28.4295696947407,7.23981900452489,0.0842,0.0114,30.9672673777124,8.5972850678733,0.077,0.0048,28.32,1.5,0.0733,0.0095,26.9584406031629,7.16440422322775
"152","Slovakia","SVK","SK","2011","Europe","Income",0,"all",0.2637,0.1325,7190,0.0639,0.0068,24.2320819112628,5.13207547169811,0.064,0.0064,24.2700037921881,4.83018867924528,0.0777,0.0036,29.47,1.34,0.0646,0.0082,24.4975350777399,6.18867924528302
"153","Slovakia","SVK","SK","2019","Europe","Income",1,"all",0.2324,0.1072,6955,0.0702,0.0093,30.2065404475043,8.67537313432836,0.0746,0.0092,32.0998278829604,8.58208955223881,0.073,0.003,31.4,1.38,0.0862,0.0169,37.0912220309811,15.7649253731343
"154","Slovenia","SVN","SI","2005","Europe","Income",0,"all",0.2505,0.1194,6096,0.0947,0.0148,37.8043912175649,12.3953098827471,0.0947,0.0147,37.8043912175649,12.3115577889447,0.0556,0.0037,22.21,1.78,0.0998,0.0165,39.8403193612774,13.8190954773869
"155","Slovenia","SVN","SI","2011","Europe","Income",0,"all",0.2602,0.1236,5180,0.0726,0.0086,27.9016141429669,6.957928802589,0.0815,0.0105,31.3220599538816,8.49514563106796,0.09,0.0042,34.58,1.89,0.0689,0.008,26.4796310530361,6.47249190938511
"156","Slovenia","SVN","SI","2019","Europe","Income",1,"all",0.249,0.1103,7462,0.0819,0.0112,32.8915662650602,10.1541251133273,0.0865,0.0119,34.7389558232932,10.7887579329103,0.0524,0.0033,21.04,1.7,0.0915,0.0134,36.7469879518072,12.1486854034451
"157","Sweden","SWE","SE","2019","Europe","Income",1,"all",0.2755,0.166,2919,0.1041,0.0271,37.7858439201452,16.3253012048193,0.0938,0.0166,34.0471869328494,10,0.0158,0.0172,5.74,4.47,0.0994,0.0207,36.0798548094374,12.4698795180723
"158","Togo","TGO","TGO","2018","Africa","Consumption",1,"all",0.3815,0.2422,9552,0.1644,0.0442,43.0930537352556,18.2493806771263,0.1513,0.0373,39.6592398427261,15.4004954582989,0.1649,0.0049,43.23,1.05,0.152,0.0367,39.8427260812582,15.1527663088357
"159","Tajikistan","TJK","TJK","2016","Asia + Oceania","Income",1,"all",0.3427,0.1961,1110,0.059,0.007,17.2162241027137,3.56960734319225,0.0916,0.0136,26.7289174204844,6.93523712391637,0.0706,0.0183,20.6,5.21,0.0631,0.011,18.4126057776481,5.60938296787353
"160","Timor Leste","TLS","TIM","2007","Asia + Oceania","Consumption",0,"all",0.293,0.1391,9438,0.1021,0.0184,34.8464163822526,13.2278936017254,0.0896,0.0144,30.580204778157,10.352264557872,0.1043,0.0057,35.6,1.65,0.1058,0.0182,36.1092150170648,13.0841121495327
"161","Timor Leste","TLS","TIM","2014","Asia + Oceania","Consumption",1,"all",0.3177,0.1656,12618,0.0977,0.0167,30.7522820270696,10.0845410628019,0.0876,0.014,27.5731822474032,8.45410628019324,0.0954,0.0051,30.01,1.47,0.0962,0.0153,30.2801384954359,9.23913043478261
"162","Tanzania","TZA","TZN","2009","Africa","Consumption",0,"all",0.3582,0.2107,4435,0.1494,0.0396,41.7085427135678,18.7944945420029,0.1726,0.048,48.1853713009492,22.781205505458,0.1215,0.007,33.91,2.43,0.1576,0.0423,43.9977666108319,20.0759373516849
"163","Tanzania","TZA","TZN","2011","Africa","Consumption",0,"all",0.3765,0.236,4521,0.1759,0.0501,46.7197875166003,21.228813559322,0.1959,0.0609,52.0318725099602,25.8050847457627,0.1207,0.0073,32.05,2.77,0.1826,0.0522,48.4993359893758,22.1186440677966
"164","Tanzania","TZA","TZN","2013","Africa","Consumption",1,"all",0.3731,0.2348,4222,0.1616,0.0452,43.3127847761994,19.2504258943782,0.1726,0.0467,46.2610560171536,19.8892674616695,0.147,0.0066,39.4,2.02,0.1709,0.0462,45.805414098097,19.6763202725724
"165","Uganda","UGA","UGA","2010","Africa","Consumption",0,"all",0.4165,0.2925,4632,0.2259,0.0924,54.2376950780312,31.5897435897436,0.2274,0.0856,54.5978391356543,29.2649572649573,0.2831,0.0064,67.97,1.34,0.2244,0.086,53.8775510204082,29.4017094017094
"166","Uganda","UGA","UGA","2011","Africa","Consumption",0,"all",0.4671,0.3817,5009,0.265,0.1271,56.7330336116463,33.2984018862981,0.255,0.1097,54.592164418754,28.7398480482054,0.2627,0.0189,56.23,3.08,0.2587,0.1122,55.3842860201242,29.3948126801153
"167","Uganda","UGA","UGA","2012","Africa","Consumption",0,"all",0.4453,0.3355,5927,0.2225,0.0821,49.9663148439255,24.4709388971684,0.2573,0.1074,57.7812710532225,32.0119225037258,0.2794,0.0121,62.73,4.75,0.242,0.0951,54.3453851336178,28.3457526080477
"168","Uganda","UGA","UGA","2014","Africa","Consumption",1,"all",0.3712,0.2285,4430,0.1666,0.0513,44.8814655172414,22.4507658643326,0.1781,0.0531,47.979525862069,23.2385120350109,0.19,0.0069,51.18,1.57,0.1769,0.0559,47.65625,24.4638949671772
"169","United States of America","USA","USA","1970","North America","Income",0,"all",0.3003,0.1592,4112,0.1225,0.0258,40.7925407925408,16.2060301507538,0.1345,0.0301,44.7885447885448,18.9070351758794,0.1234,0.006,41.08,1.61,0.1366,0.0324,45.4878454878455,20.3517587939699
"170","United States of America","USA","USA","1972","North America","Income",0,"all",0.3045,0.1661,4524,0.1275,0.0269,41.871921182266,16.1950632149308,0.1393,0.0319,45.7471264367816,19.205298013245,0.1312,0.0058,43.07,1.55,0.1389,0.0336,45.615763546798,20.2287778446719
"171","United States of America","USA","USA","1974","North America","Income",0,"all",0.2987,0.1552,4842,0.1215,0.0243,40.6762638098427,15.6572164948454,0.131,0.0278,43.8567124204888,17.9123711340206,0.1211,0.0058,40.53,1.57,0.1247,0.0271,41.747572815534,17.4613402061856
"172","United States of America","USA","USA","1976","North America","Income",0,"all",0.2929,0.1517,5068,0.1114,0.0209,38.0334585182656,13.7771918259723,0.1202,0.0239,41.0378968931376,15.7547791694133,0.1107,0.0052,37.79,1.49,0.1174,0.0241,40.0819392284056,15.8866183256427
"173","United States of America","USA","USA","1978","North America","Income",0,"all",0.2938,0.1516,5253,0.1064,0.0198,36.215112321307,13.0606860158311,0.1183,0.0233,40.2654867256637,15.3693931398417,0.1084,0.0056,36.9,1.58,0.1174,0.0237,39.9591558883594,15.6332453825858
"174","United States of America","USA","USA","1980","North America","Income",0,"all",0.3281,0.1923,5470,0.1057,0.0218,32.215787869552,11.3364534581383,0.1324,0.0286,40.3535507467236,14.8725949037962,0.1162,0.0124,35.4,2.87,0.1411,0.0352,43.0051813471503,18.3047321892876
"175","United States of America","USA","USA","1982","North America","Income",0,"all",0.3172,0.1787,5662,0.1283,0.0279,40.4476670870113,15.6127588136542,0.1371,0.0306,43.2219419924338,17.123670956911,0.1318,0.0059,41.56,1.48,0.1305,0.03,41.141235813367,16.7879127028539
"176","United States of America","USA","USA","1984","North America","Income",0,"all",0.3449,0.2136,5794,0.1325,0.0312,38.4169324441867,14.6067415730337,0.1462,0.0351,42.3890982893592,16.4325842696629,0.1399,0.0078,40.54,1.78,0.1384,0.0335,40.127573209626,15.6835205992509
"177","United States of America","USA","USA","1986","North America","Income",0,"all",0.345,0.2105,5803,0.1513,0.0379,43.8550724637681,18.0047505938242,0.1549,0.039,44.8985507246377,18.5273159144893,0.1498,0.0069,43.41,1.52,0.147,0.037,42.6086956521739,17.5771971496437
"178","United States of America","USA","USA","1988","North America","Income",0,"all",0.3892,0.2696,5950,0.1633,0.0479,41.9578622816033,17.7670623145401,0.1733,0.0505,44.5272353545735,18.7314540059347,0.162,0.0129,41.61,2.42,0.1641,0.0476,42.1634121274409,17.6557863501484
"179","United States of America","USA","USA","1990","North America","Income",0,"all",0.3653,0.2357,6092,0.1486,0.0373,40.678894059677,15.8252015273653,0.1593,0.0415,43.6079934300575,17.6071277047094,0.1492,0.008,40.82,1.68,0.1469,0.037,40.2135231316726,15.6979210861264
"180","United States of America","USA","USA","1992","North America","Income",0,"all",0.3762,0.2593,6189,0.142,0.0347,37.745879851143,13.3821827998457,0.1559,0.0411,41.4407230196704,15.8503663709988,0.1394,0.0094,37.05,1.99,0.1534,0.0433,40.776182881446,16.6988044735827
"181","United States of America","USA","USA","1994","North America","Income",0,"all",0.3792,0.2691,6810,0.1421,0.0342,37.4736286919831,12.7090301003345,0.1606,0.0425,42.3523206751055,15.7933853586027,0.1428,0.009,37.66,1.89,0.1781,0.0813,46.9672995780591,30.2118171683389
"182","United States of America","USA","USA","1996","North America","Income",0,"all",0.3673,0.2562,6344,0.1493,0.0379,40.6479716852709,14.7931303669009,0.1637,0.0446,44.5684726381704,17.408274785324,0.1532,0.0073,41.7,1.56,0.1623,0.0505,44.1873128233052,19.7111631537861
"183","United States of America","USA","USA","1998","North America","Income",0,"all",0.392,0.2964,6707,0.1302,0.0366,33.2142857142857,12.3481781376518,0.1698,0.0497,43.3163265306122,16.7678812415655,0.1486,0.0148,37.9,2.83,0.195,0.0856,49.7448979591837,28.8798920377868
"184","United States of America","USA","USA","2000","North America","Income",0,"all",0.3844,0.2684,6599,0.149,0.038,38.7617065556712,14.1579731743666,0.1699,0.047,44.1987513007284,17.5111773472429,0.1537,0.0086,39.97,1.75,0.1577,0.0462,41.0249739854318,17.2131147540984
"185","United States of America","USA","USA","2002","North America","Income",0,"all",0.3951,0.2967,6787,0.1609,0.0445,40.723867375348,14.9983147960903,0.1894,0.0592,47.9372310807391,19.9528142905292,0.1684,0.015,42.62,2.71,0.1922,0.0792,48.6459124272336,26.6936299292214
"186","United States of America","USA","USA","2004","North America","Income",0,"all",0.4061,0.3083,8217,0.1497,0.0418,36.8628416646146,13.5582225105417,0.1753,0.051,43.1667077074612,16.5423289004217,0.1512,0.013,37.22,2.45,0.2001,0.0903,49.2735779364688,29.2896529354525
"187","United States of America","USA","USA","2006","North America","Income",0,"all",0.4306,0.3688,8289,0.1675,0.0473,38.8992104040873,12.8253796095445,0.1766,0.0513,41.0125406409661,13.909978308026,0.1603,0.0107,37.22,1.95,0.1923,0.1077,44.6586158848119,29.2028199566161
"188","United States of America","USA","USA","2008","North America","Income",0,"all",0.4029,0.3046,8478,0.1525,0.0386,37.8505832712832,12.6723571897571,0.1649,0.0445,40.9282700421941,14.6093237032173,0.1468,0.0101,36.43,1.96,0.1801,0.0764,44.7009183420204,25.0820748522653
"189","United States of America","USA","USA","2010","North America","Income",0,"all",0.3996,0.3059,8346,0.1581,0.0441,39.5645645645646,14.4164759725401,0.1663,0.0452,41.6166166166166,14.7760706113109,0.1562,0.0084,39.08,1.63,0.1679,0.0571,42.017017017017,18.6662307943772
"190","United States of America","USA","USA","2012","North America","Income",0,"all",0.3998,0.3057,8164,0.1593,0.0426,39.8449224612306,13.9352306182532,0.17,0.0473,42.5212606303152,15.4726856395159,0.1676,0.0094,41.91,1.76,0.1801,0.1126,45.047523761881,36.8334968923781
"191","United States of America","USA","USA","2014","North America","Income",1,"all",0.3948,0.2902,7769,0.1502,0.0393,38.0445795339412,13.5423845623708,0.1641,0.0441,41.565349544073,15.1964162646451,0.1568,0.007,39.71,1.46,0.1645,0.0536,41.6666666666667,18.4700206753963
"192","Uzbekistan","UZB","UZB","2016","Asia + Oceania","Income",1,"all",0.4925,0.4148,1139,0.1069,0.0229,21.7055837563452,5.52073288331726,0.2004,0.062,40.6903553299492,14.946962391514,0.1696,0.0496,34.41,8.2,0.1423,0.0407,28.8934010152284,9.81195756991321
"193","South Africa","ZAF","ZAF","2008","Africa","Income",0,"all",0.6475,0.8389,6156,0.4498,0.3476,69.4671814671815,41.4352127786387,0.4787,0.3849,73.9305019305019,45.8815115031589,0.5807,0.0084,89.67,1.27,0.5334,0.5335,82.3783783783784,63.5951841697461
"194","South Africa","ZAF","ZAF","2012","Africa","Income",0,"all",0.6174,0.7115,5392,0.4058,0.2874,65.7272432782637,40.3935347856641,0.4299,0.3006,69.6307094266278,42.2487702037948,0.537,0.0109,86.96,1.69,0.4787,0.4048,77.5348234531908,56.8938861560084
"195","South Africa","ZAF","ZAF","2015","Africa","Income",0,"all",0.5737,0.5986,5840,0.3677,0.2273,64.092731392714,37.9719345138657,0.3849,0.2416,67.0908140142932,40.360841964584,0.4681,0.0112,81.58,1.39,0.385,0.2479,67.1082447272093,41.4132976946208
"196","South Africa","ZAF","ZAF","2017","Africa","Income",1,"all",0.6098,0.6903,7460,0.4154,0.2879,68.1206953099377,41.7065044183688,0.468,0.3597,76.7464742538537,52.1077792264233,0.5286,0.0108,86.67,1.21,0.4955,0.4131,81.2561495572319,59.8435462842243
