,c,y,Circumstances,OLS,Ctree,Trafo
1,ARG,2014,Ethnicity,1.259041048,0.102093612,2.3365754
2,ARG,2014,Sex,2.031239266,2.532003633,3.284289532
3,ARG,2014,Father_Occ,17.5478811,18.82475624,19.0196121
4,ARG,2014,Father_Edu,23.18947044,23.07503953,19.99183608
5,ARG,2014,Mother_Edu,22.45361096,21.7241743,21.62582596
6,ARG,2014,Birth_Area,33.51875719,33.74193267,33.74186094
7,ARM,2016,Father_Occ,21.91771159,14.91145657,5.635584589
8,ARM,2016,Mother_Occ,25.06805745,17.43124675,8.027603413
9,ARM,2016,Sex,6.100033009,6.064716617,9.314067318
10,ARM,2016,Mother_Edu,18.6151751,18.31827569,16.00769983
11,ARM,2016,Father_Edu,16.23085537,21.19130747,16.16850781
12,ARM,2016,Birth_Area,10.77228508,22.88686721,18.04460101
13,ARM,2016,Ethnicity,1.295882395,0,26.80193603
14,AT,2011,Sex,1.872734991,2.93475509,4.278407047
15,AT,2005,Sex,5.479698771,5.310106383,5.456189301
16,AT,2019,Sex,1.351105154,3.008337458,9.358576397
17,AT,2019,Father_Edu,13.9750315,13.83473134,12.40614101
18,AT,2011,Mother_Occ,12.44244143,13.75383694,12.4114196
19,AT,2005,Birth_Area,14.30879805,13.87212042,12.99611473
20,AT,2019,Father_Occ,19.18515571,20.33869763,14.78657705
21,AT,2011,Father_Edu,14.23453698,14.29324985,14.89936647
22,AT,2005,Mother_Edu,13.06962622,14.83831992,15.65726488
23,AT,2005,Father_Edu,15.66844492,15.23966433,15.74902868
24,AT,2019,Mother_Occ,18.33516566,19.66120115,17.03055498
25,AT,2011,Mother_Edu,21.238339,19.533261,17.54173764
26,AT,2019,Mother_Edu,22.19160201,19.14630381,17.84930368
27,AT,2005,Father_Occ,20.59071079,21.60171642,20.153691
28,AT,2011,Father_Occ,22.0978134,23.29373959,20.63022341
29,AT,2019,Birth_Area,24.96193996,24.0107286,28.56884688
30,AT,2005,Mother_Occ,30.88272125,29.13807253,29.98771139
31,AT,2011,Birth_Area,28.11413419,26.19115752,30.23884583
32,AUS,2011,Ethnicity,2.286085541,0,1.694337158
33,AUS,2007,Ethnicity,2.214319821,0,1.815666587
34,AUS,2005,Ethnicity,0.549294751,0,2.827459947
35,AUS,2009,Ethnicity,2.120868229,0,4.149006685
36,AUS,2015,Ethnicity,2.957725198,0,5.432054833
37,AUS,2011,Sex,7.073451237,9.080494363,6.75140481
38,AUS,2019,Ethnicity,2.479341516,0,7.086745155
39,AUS,2017,Ethnicity,2.780628394,0,7.642310048
40,AUS,2013,Ethnicity,3.403988,0.2910392,7.966615458
41,AUS,2013,Sex,5.721335911,9.959627757,8.554456755
42,AUS,2019,Sex,8.07091887,13.9163942,8.692099849
43,AUS,2005,Sex,4.378985601,8.90809837,8.824449526
44,AUS,2017,Sex,7.252403431,9.369050976,9.018220923
45,AUS,2015,Sex,5.257521408,9.500402644,10.75147331
46,AUS,2007,Sex,6.037877603,11.32427003,10.88754446
47,AUS,2015,Mother_Edu,14.45670625,14.26745792,13.63105185
48,AUS,2009,Sex,6.975993414,10.51560862,14.05147479
49,AUS,2017,Mother_Edu,15.29073589,14.59450419,15.60101021
50,AUS,2009,Mother_Occ,20.17097073,22.64827408,16.0789831
51,AUS,2019,Mother_Edu,16.61457123,15.68541367,16.70582166
52,AUS,2005,Mother_Edu,16.46701454,15.73917178,17.42559091
53,AUS,2013,Father_Occ,26.14296437,25.46421121,18.3567104
54,AUS,2007,Mother_Edu,14.78996629,11.12047288,18.50792188
55,AUS,2009,Mother_Edu,13.0448999,9.719190632,19.12024556
56,AUS,2007,Mother_Occ,22.99833804,26.31791727,19.23367211
57,AUS,2007,Father_Edu,22.48969962,23.05716292,19.6503065
58,AUS,2009,Father_Occ,26.2203001,27.52845237,19.69323704
59,AUS,2017,Father_Edu,24.39722513,22.9882638,20.47065556
60,AUS,2013,Mother_Occ,20.32890399,23.86149022,20.5317232
61,AUS,2019,Mother_Occ,17.6738452,19.05760706,20.79099255
62,AUS,2011,Father_Occ,24.07876568,25.22663334,21.39701366
63,AUS,2005,Mother_Occ,22.63808036,23.18857512,21.54759119
64,AUS,2013,Father_Edu,26.26710801,24.34927487,21.85436612
65,AUS,2019,Father_Edu,23.85583755,21.72495674,21.87428068
66,AUS,2017,Mother_Occ,22.07986803,24.45979947,22.14333152
67,AUS,2011,Mother_Edu,16.59273052,16.35253945,22.30614941
68,AUS,2005,Father_Edu,25.37875959,24.66078922,22.72317971
69,AUS,2013,Mother_Edu,18.13569972,16.07435674,22.73612807
70,AUS,2015,Father_Edu,25.75804856,24.69539135,22.80882187
71,AUS,2011,Mother_Occ,24.42996239,25.90200686,23.11584845
72,AUS,2015,Father_Occ,26.62047214,25.77738745,23.43296698
73,AUS,2015,Mother_Occ,24.94952645,26.0439662,23.94363115
74,AUS,2011,Father_Edu,25.53900464,24.34707714,24.73524652
75,AUS,2019,Father_Occ,31.30548564,29.79610811,24.85006011
76,AUS,2017,Father_Occ,28.19913913,28.81434381,25.12447175
77,AUS,2005,Father_Occ,30.58786516,29.2540972,26.65172872
78,AUS,2009,Father_Edu,31.46696763,30.69717924,26.90705283
79,AUS,2007,Father_Occ,31.46979863,29.52044387,29.90488846
80,BE,2019,Sex,2.751733345,3.979538043,3.972090202
81,BE,2005,Sex,3.368522985,5.501104262,7.33773286
82,BE,2005,Birth_Area,6.059143158,5.538656602,7.434620897
83,BE,2011,Father_Occ,27.35631348,29.34220157,12.51444516
84,BE,2011,Sex,0.772849698,2.369208476,12.91226279
85,BE,2011,Mother_Edu,22.90229397,21.1235483,16.15696283
86,BE,2011,Father_Edu,23.91812298,23.34517431,16.61693946
87,BE,2019,Father_Occ,19.58404962,20.36291674,17.53715191
88,BE,2011,Birth_Area,15.57269696,15.01748417,18.19577818
89,BE,2019,Father_Edu,20.33798005,19.33538776,18.27706437
90,BE,2005,Mother_Occ,23.10443326,22.97545977,18.93661495
91,BE,2019,Mother_Occ,17.6172746,18.10806148,19.23459813
92,BE,2005,Mother_Edu,23.28756447,21.33567426,19.68403695
93,BE,2019,Mother_Edu,20.35436984,19.32111652,20.1921319
94,BE,2019,Birth_Area,19.35459254,18.89297945,20.78696348
95,BE,2005,Father_Edu,21.6957316,22.23693042,23.25505315
96,BE,2005,Father_Occ,22.48460453,22.41217468,23.35194119
97,BE,2011,Mother_Occ,9.477722905,8.802383182,23.60361158
98,BEN,2018,Sex,3.651887161,4.294686168,5.898900195
99,BEN,2018,Mother_Occ,9.32768019,8.288609372,9.554013585
100,BEN,2018,Father_Occ,14.18932258,14.26801739,15.19584026
101,BEN,2018,Mother_Edu,14.92205815,15.08286953,15.34950869
102,BEN,2018,Ethnicity,27.459978,27.40894287,24.71230665
103,BEN,2018,Father_Edu,30.44907392,30.65687467,29.28943062
104,BFA,2018,Sex,3.980139546,5.081561004,8.774849965
105,BFA,2018,Mother_Edu,12.38836415,12.30791404,11.07723319
106,BFA,2018,Father_Edu,18.49669202,17.35489077,17.18796098
107,BFA,2018,Father_Occ,17.29728351,17.73723749,17.75269649
108,BFA,2018,Mother_Occ,21.81052172,21.85383719,21.14110953
109,BFA,2018,Ethnicity,26.02699906,25.66455951,24.06614985
110,BG,2019,Birth_Area,0.173229565,0,0
111,BG,2011,Birth_Area,0.213490652,0,0
112,BG,2011,Sex,0.867398929,1.951647774,1.519575116
113,BG,2019,Sex,1.837704869,2.035995671,3.986922251
114,BG,2019,Father_Edu,22.95315604,22.69187444,20.74485406
115,BG,2011,Father_Occ,25.15692737,25.3030888,23.19972531
116,BG,2019,Mother_Edu,22.40291627,22.56735809,23.4874947
117,BG,2011,Father_Edu,22.03504269,21.93277772,24.50033423
118,BG,2011,Mother_Occ,26.68622898,27.1788274,24.73044196
119,BG,2019,Mother_Occ,25.89693881,26.60030428,25.53056323
120,BG,2011,Mother_Edu,25.04091138,24.27995865,26.53128507
121,BG,2019,Father_Occ,26.73605445,26.8147491,26.8581603
122,BOL,2008,Sex,1.659982341,1.89799682,1.401017582
123,BOL,2008,Birth_Area,15.13667592,15.02041841,10.89974688
124,BOL,2008,Ethnicity,15.26283138,15.81571669,14.63189863
125,BOL,2008,Father_Edu,16.17882968,15.9959843,17.58632117
126,BOL,2008,Mother_Occ,17.37456399,17.52825898,18.39724614
127,BOL,2008,Father_Occ,17.22646846,17.08819393,18.4399264
128,BOL,2008,Mother_Edu,17.16064822,16.65343087,18.6438432
129,BRA,2014,Sex,1.020362951,1.180677412,3.008019602
130,BRA,2014,Ethnicity,10.14216428,9.482198811,9.085775072
131,BRA,2014,Birth_Area,12.59180163,12.81068545,12.23281625
132,BRA,2014,Mother_Occ,13.96912691,14.06132983,17.49677057
133,BRA,2014,Father_Occ,19.13052234,19.23131647,18.56295309
134,BRA,2014,Father_Edu,21.76602711,22.09204241,19.78365483
135,BRA,2014,Mother_Edu,21.37999477,21.14174963,19.83001059
136,CH,2011,Sex,3.488308302,5.718986539,9.281299911
137,CH,2019,Father_Occ,10.71480657,6.373834519,11.70384111
138,CH,2019,Sex,8.007976573,8.755766222,11.97454068
139,CH,2019,Birth_Area,14.086472,17.15748896,15.62898496
140,CH,2019,Mother_Occ,9.733382826,10.0838736,16.39596709
141,CH,2011,Mother_Occ,14.66593723,15.84015307,16.40722755
142,CH,2011,Birth_Area,9.143262582,10.41706384,16.80503419
143,CH,2011,Father_Edu,23.21450846,21.13274015,16.8915139
144,CH,2011,Mother_Edu,19.49414381,18.20369196,17.54875965
145,CH,2019,Mother_Edu,28.36460447,28.02775909,19.61428427
146,CH,2011,Father_Occ,29.99383962,28.68736445,23.06616479
147,CH,2019,Father_Edu,29.09275757,29.60127761,24.68238189
148,CHI,2018,Sex,2.239700379,2.842078982,2.364606934
149,CHI,2010,Ethnicity,6.046873884,4.208115063,3.066133968
150,CHI,2012,Sex,0.834841463,3.328827877,3.955807095
151,CHI,2016,Sex,2.176432686,4.509321229,4.273462877
152,CHI,2014,Ethnicity,6.501588284,4.295202303,4.490308315
153,CHI,2014,Sex,1.402845246,2.910123326,6.7347844
154,CHI,2018,Ethnicity,13.65523578,12.48115918,8.649068799
155,CHI,2016,Ethnicity,7.641213403,6.195958907,9.009694409
156,CHI,2018,Father_Edu,6.764000046,4.328571816,10.46070418
157,CHI,2012,Birth_Area,35.85569393,35.98117411,11.32819195
158,CHI,2014,Mother_Edu,6.19471949,4.527482628,11.63893456
159,CHI,2010,Mother_Edu,9.641101849,9.327705554,11.84988435
160,CHI,2014,Mother_Occ,15.29062528,16.30495542,11.92776794
161,CHI,2012,Ethnicity,1.717538069,0,12.15289941
162,CHI,2016,Father_Edu,5.226700141,3.105061805,12.22823849
163,CHI,2010,Father_Occ,17.94762166,17.41057323,12.25046517
164,CHI,2016,Birth_Area,52.63096752,60.20652383,13.56275677
165,CHI,2010,Sex,1.404066231,2.276693328,14.31142444
166,CHI,2012,Father_Edu,10.22500045,10.07550784,14.63202002
167,CHI,2018,Birth_Area,42.10777974,48.56659853,15.4117574
168,CHI,2014,Father_Occ,15.19620411,15.29840734,15.75481028
169,CHI,2012,Mother_Edu,10.58241135,11.06600196,16.12648989
170,CHI,2014,Father_Edu,7.382852513,4.906013529,16.29035551
171,CHI,2018,Father_Occ,17.53849026,16.319614,16.31757509
172,CHI,2010,Father_Edu,10.73389875,10.84241644,16.32013405
173,CHI,2010,Mother_Occ,17.34753088,16.86818767,16.9761577
174,CHI,2018,Mother_Edu,4.600472549,2.822259078,17.26277615
175,CHI,2016,Father_Occ,17.41424327,15.10995351,18.56065855
176,CHI,2016,Mother_Edu,3.792871537,1.540533642,18.89559647
177,CHI,2012,Mother_Occ,21.64590316,18.78619615,20.8448162
178,CHI,2012,Father_Occ,19.13861158,21.02188288,20.95977543
179,CHI,2016,Mother_Occ,11.11757143,9.332647077,23.46959244
180,CHI,2010,Birth_Area,36.87890674,39.06630872,25.22580033
181,CHI,2018,Mother_Occ,13.09432124,12.63971841,29.53351145
182,CHI,2014,Birth_Area,48.03116507,51.75781545,33.163039
183,CHL,2009,Sex,5.173188264,6.171946996,4.312781712
184,CHL,2006,Sex,4.287193854,4.675790351,5.973149769
185,CHL,2013,Sex,7.737304749,8.305136998,6.038944908
186,CHL,2011,Sex,5.962411406,6.575575083,6.152501857
187,CHL,2009,Father_Occ,9.040647069,7.700923244,6.166104073
188,CHL,2009,Ethnicity,1.593461623,0,6.412392759
189,CHL,2015,Sex,7.936735447,7.978421836,8.387427116
190,CHL,2006,Ethnicity,2.675908924,1.96972952,10.53102149
191,CHL,2009,Mother_Occ,8.139368376,7.435900694,11.71375672
192,CHL,2015,Ethnicity,3.547222953,2.438676931,13.32335473
193,CHL,2011,Ethnicity,3.048949623,1.971631783,14.42052789
194,CHL,2013,Ethnicity,2.969102112,1.965259173,15.05100454
195,CHL,2009,Birth_Area,14.15212435,14.09204396,15.56817466
196,CHL,2006,Birth_Area,19.20546984,17.3851547,17.96604974
197,CHL,2013,Birth_Area,14.63717445,14.4386002,19.48066097
198,CHL,2011,Birth_Area,13.69632814,13.53763568,20.83836628
199,CHL,2015,Birth_Area,14.44205612,14.57967475,22.0853564
200,CHL,2009,Mother_Edu,30.16357306,31.35928239,26.46029179
201,CHL,2015,Mother_Edu,36.48435627,37.13671987,27.28414406
202,CHL,2015,Father_Edu,37.5896292,37.86650662,28.9197177
203,CHL,2011,Mother_Edu,38.11643509,38.46630429,29.04857394
204,CHL,2013,Mother_Edu,37.01967859,37.43908719,29.19535576
205,CHL,2009,Father_Edu,31.73763726,33.26540611,29.36649829
206,CHL,2011,Father_Edu,39.17587574,39.44885316,29.54003004
207,CHL,2006,Mother_Edu,36.26286548,36.93568408,30.07289651
208,CHL,2013,Father_Edu,37.63674011,37.85191644,30.23403382
209,CHL,2006,Father_Edu,37.56856189,39.03364135,35.45688248
210,CIV,2018,Sex,1.916344862,2.913243961,3.214784099
211,CIV,2018,Mother_Occ,14.69912162,14.45276139,11.45352949
212,CIV,2018,Mother_Edu,14.23543266,13.53751564,15.78597319
213,CIV,2018,Ethnicity,21.89256658,22.35603217,17.97350214
214,CIV,2018,Father_Edu,24.68723247,24.13705094,25.74349133
215,CIV,2018,Father_Occ,22.56930182,22.60339589,25.82871974
216,COL,2010,Sex,2.577591252,3.325387147,5.041726076
217,COL,2010,Ethnicity,4.076651278,3.387582645,10.16407696
218,COL,2010,Birth_Area,27.32873791,26.55540543,15.43782739
219,COL,2010,Father_Edu,28.22817392,29.44749605,32.01607632
220,COL,2010,Mother_Edu,37.78884564,37.28412873,37.34029325
221,CY,2005,Sex,1.582941478,3.266983053,6.090768808
222,CY,2019,Sex,0.518346277,1.70298817,6.169089989
223,CY,2005,Birth_Area,9.041645282,8.703233572,9.947600943
224,CY,2011,Sex,1.032414105,2.245186755,12.24942295
225,CY,2011,Mother_Edu,19.29059717,18.00145153,15.07155088
226,CY,2019,Birth_Area,12.03545025,13.28180491,15.57182738
227,CY,2011,Father_Edu,18.5252841,18.52375865,16.38036383
228,CY,2011,Mother_Occ,14.72995606,15.97025717,16.40763077
229,CY,2011,Father_Occ,26.49078741,25.29924267,17.23927233
230,CY,2019,Mother_Edu,20.93226073,19.75558423,17.37509209
231,CY,2019,Father_Occ,23.64395982,23.1589425,19.19675745
232,CY,2005,Father_Occ,23.54965577,22.1590768,20.07040391
233,CY,2019,Mother_Occ,22.83146571,22.56705411,20.76081357
234,CY,2005,Mother_Edu,23.65200505,22.55219409,20.85503165
235,CY,2019,Father_Edu,20.03851721,19.53362608,20.92641952
236,CY,2005,Father_Edu,22.46219467,23.0576306,21.24181997
237,CY,2005,Mother_Occ,19.71155776,20.26088189,21.79437472
238,CY,2011,Birth_Area,19.93096116,19.96010323,22.65175924
239,CZ,2019,Birth_Area,0.940319954,0.300373091,0.442115678
240,CZ,2011,Birth_Area,1.75395889,0.634297962,0.923360282
241,CZ,2005,Birth_Area,2.364363543,1.547585318,2.506630119
242,CZ,2011,Sex,3.398325908,4.071051645,7.593550619
243,CZ,2005,Sex,6.620007996,6.850984008,8.707863923
244,CZ,2019,Sex,7.21874592,7.678019971,9.407270992
245,CZ,2005,Mother_Edu,11.79353655,12.37413679,12.45513355
246,CZ,2005,Father_Edu,16.85024349,17.29662839,19.05430749
247,CZ,2011,Father_Edu,20.01210301,19.75451135,19.91890233
248,CZ,2019,Father_Occ,21.26949985,21.35321158,20.45503982
249,CZ,2011,Mother_Edu,21.10834769,19.7719568,21.09965031
250,CZ,2019,Mother_Edu,21.30987558,20.07173446,21.30791964
251,CZ,2011,Father_Occ,22.563707,22.91213783,21.34822883
252,CZ,2019,Father_Edu,24.0554252,23.5317227,23.80705585
253,CZ,2019,Mother_Occ,25.20613349,27.0649382,24.58059802
254,CZ,2005,Father_Occ,27.04710137,27.25881377,25.80270898
255,CZ,2011,Mother_Occ,31.1635575,32.85604442,29.11630764
256,CZ,2005,Mother_Occ,35.32474705,34.67185172,31.47335594
257,DE,2019,Sex,1.705112114,4.310883522,6.372984096
258,DE,2005,Birth_Area,5.52561656,5.844268041,6.69503303
259,DE,2005,Sex,5.880208503,7.664153979,7.647098553
260,DE,2011,Sex,4.879173255,6.704796774,8.425232185
261,DE,2011,Mother_Edu,14.37608389,13.12702353,12.55693801
262,DE,2019,Birth_Area,5.511585357,7.28311851,12.91086357
263,DE,2005,Mother_Occ,15.00809145,15.69749664,13.99086146
264,DE,2011,Birth_Area,5.290963418,6.641210371,15.743626
265,DE,2019,Mother_Edu,18.23507462,16.33987643,16.02331151
266,DE,2019,Mother_Occ,18.9752222,19.23430422,16.21457926
267,DE,2011,Father_Edu,20.21835682,18.91338626,18.35890788
268,DE,2005,Father_Occ,24.55919703,23.7308393,18.76121082
269,DE,2019,Father_Edu,21.31902285,19.88788469,19.1705354
270,DE,2011,Mother_Occ,19.24035518,20.63021916,19.34788002
271,DE,2005,Mother_Edu,19.08017957,18.55116394,21.05618982
272,DE,2011,Father_Occ,35.99506744,33.98336391,25.56741591
273,DE,2019,Father_Occ,34.25398285,32.94393262,29.30772617
274,DE,2005,Father_Edu,29.94670689,28.5120781,31.84960632
275,DK,2005,Birth_Area,0.75439893,0,2.775400484
276,DK,2019,Sex,2.414832609,4.910306763,3.769126661
277,DK,2019,Birth_Area,8.683835565,6.574610726,5.653988829
278,DK,2005,Sex,2.467736503,3.017506617,6.164012073
279,DK,2011,Sex,4.330642145,7.79071959,10.61271966
280,DK,2011,Father_Occ,23.26441749,22.71469572,15.58277222
281,DK,2011,Mother_Occ,25.0339292,27.73063791,15.74139092
282,DK,2019,Mother_Edu,16.4862637,13.69216597,15.94660696
283,DK,2005,Mother_Occ,14.75454407,16.15736965,16.14612693
284,DK,2005,Father_Occ,13.92154017,13.4349456,16.54418673
285,DK,2011,Mother_Edu,23.44136866,21.24913237,17.38045081
286,DK,2019,Father_Edu,15.53914815,17.83522051,17.725578
287,DK,2011,Birth_Area,12.01537873,5.871038013,19.5482397
288,DK,2011,Father_Edu,11.91426378,14.6437764,21.13442669
289,DK,2005,Father_Edu,35.74056285,34.97357943,26.92436139
290,DK,2019,Father_Occ,28.82131628,27.23676736,27.17106707
291,DK,2019,Mother_Occ,28.05460369,29.75092867,29.73363249
292,DK,2005,Mother_Edu,32.36121747,32.77897229,31.44591239
293,ECU,2014,Birth_Area,1.880121347,1.88709033,2.873574217
294,ECU,2006,Sex,0.732949923,1.255677443,3.081909815
295,ECU,2014,Sex,1.886929057,2.344977162,3.084116854
296,ECU,2006,Ethnicity,4.215468741,4.326445656,6.743542765
297,ECU,2006,Birth_Area,7.692662606,8.009257018,7.716531239
298,ECU,2014,Ethnicity,7.516905344,7.166664256,7.888317022
299,ECU,2006,Mother_Occ,11.4680538,11.72900202,17.09858434
300,ECU,2006,Father_Occ,17.99644535,17.80722364,17.48871982
301,ECU,2014,Mother_Occ,13.54172882,13.812961,17.5796584
302,ECU,2014,Father_Occ,19.68909108,19.84874196,18.74083294
303,ECU,2006,Mother_Edu,28.21502885,27.83206832,23.9001028
304,ECU,2006,Father_Edu,29.67939074,29.04032591,23.97060921
305,ECU,2014,Mother_Edu,27.67453508,27.52875292,24.82104909
306,ECU,2014,Father_Edu,27.81068928,27.41081237,25.01245148
307,EE,2019,Sex,0.610053417,2.425094214,2.950052707
308,EE,2011,Sex,0.235726104,3.996653754,3.462415681
309,EE,2019,Birth_Area,2.014243929,2.645762202,4.326813216
310,EE,2005,Sex,4.177720131,5.308859464,5.578891375
311,EE,2005,Birth_Area,3.7528228,4.639966224,7.130859922
312,EE,2011,Birth_Area,7.828424495,9.407238667,8.17090828
313,EE,2011,Mother_Edu,20.2838623,18.74661514,17.89496908
314,EE,2019,Mother_Edu,20.79783586,20.7914606,19.06324977
315,EE,2005,Father_Occ,22.34208101,20.81380475,19.77060376
316,EE,2011,Father_Edu,21.37584589,20.09246415,21.18750195
317,EE,2019,Father_Edu,22.10027343,20.60474153,21.23887132
318,EE,2005,Mother_Occ,23.13117605,23.90409152,21.7225642
319,EE,2005,Mother_Edu,24.17824447,23.7970686,21.75456355
320,EE,2011,Mother_Occ,25.06129051,24.71457186,22.58640193
321,EE,2019,Father_Occ,25.27496502,24.1524038,24.00938938
322,EE,2005,Father_Edu,22.41795553,21.53620945,24.04251719
323,EE,2011,Father_Occ,25.2148507,23.04245643,26.69780307
324,EE,2019,Mother_Occ,29.20262834,29.38053766,28.4116236
325,EL,2011,Sex,2.292599934,3.027146422,3.156203707
326,EL,2005,Sex,1.43726438,2.366555546,3.191868351
327,EL,2019,Sex,1.271705627,2.243489067,3.957309724
328,EL,2019,Birth_Area,10.41420054,10.01386096,10.91052505
329,EL,2005,Birth_Area,7.675659742,7.519748743,11.50683265
330,EL,2011,Birth_Area,14.04693268,13.27959517,14.41663519
331,EL,2011,Mother_Occ,18.07994421,17.13424219,17.76599711
332,EL,2005,Mother_Edu,22.08185109,21.76130085,19.57120899
333,EL,2005,Mother_Occ,21.49016824,21.23426973,20.10655601
334,EL,2019,Father_Occ,27.58764083,27.7239979,20.84368979
335,EL,2011,Father_Occ,27.05368212,27.37528666,21.0948108
336,EL,2019,Mother_Occ,18.00052611,18.52051174,21.20026493
337,EL,2011,Mother_Edu,17.68928213,18.41152168,21.27974489
338,EL,2019,Mother_Edu,17.66706125,17.24517151,21.35308285
339,EL,2019,Father_Edu,25.05886565,24.25296883,21.73512765
340,EL,2005,Father_Edu,22.08185109,22.17121394,21.8492814
341,EL,2011,Father_Edu,20.83755893,20.77220788,22.28660829
342,EL,2005,Father_Occ,25.23320545,24.94691119,23.77425259
343,ES,2019,Sex,1.065507697,1.909500369,2.995147426
344,ES,2011,Sex,1.115812848,1.357584434,3.422747606
345,ES,2005,Birth_Area,5.655075734,4.671271516,4.688557987
346,ES,2005,Sex,3.124185882,4.096805614,6.386347945
347,ES,2011,Mother_Occ,11.27521499,11.52622703,12.7747143
348,ES,2011,Mother_Edu,15.40743872,14.53416987,15.51600249
349,ES,2019,Mother_Edu,15.61953803,15.44275485,17.4159243
350,ES,2005,Mother_Occ,16.31145406,17.14538825,17.50887743
351,ES,2019,Birth_Area,18.53880574,17.81032197,17.882994
352,ES,2019,Mother_Occ,18.71861571,18.58279091,18.93390082
353,ES,2011,Father_Edu,19.80862377,18.9226238,19.37411179
354,ES,2019,Father_Edu,18.84554039,18.60285504,19.8096565
355,ES,2005,Mother_Edu,21.24002903,20.33230623,20.59698358
356,ES,2011,Birth_Area,19.86975134,21.24592294,21.1226701
357,ES,2019,Father_Occ,27.21199242,27.65177686,22.96237695
358,ES,2005,Father_Edu,24.88095829,24.80493362,24.40698466
359,ES,2005,Father_Occ,28.78829701,28.94929477,26.41224839
360,ES,2011,Father_Occ,32.52315834,32.41347193,27.78975371
361,FI,2005,Birth_Area,3.114917659,0.520883451,6.879675566
362,FI,2019,Sex,0.925666347,2.016861887,7.546699408
363,FI,2019,Birth_Area,4.305735918,3.811287736,7.946322387
364,FI,2011,Sex,1.770448097,3.823692467,11.7135022
365,FI,2005,Sex,6.572836604,7.247092872,13.86282597
366,FI,2011,Birth_Area,7.718500346,7.164954047,14.22252874
367,FI,2011,Mother_Edu,12.77956235,12.28126084,16.12592819
368,FI,2005,Mother_Edu,24.12589182,26.43191289,17.46020649
369,FI,2011,Father_Edu,20.71029868,19.35533809,17.48858915
370,FI,2005,Mother_Occ,26.77696301,26.84960042,18.26697197
371,FI,2019,Father_Occ,26.28435255,27.08274796,19.90646724
372,FI,2011,Father_Occ,25.14524992,26.01175765,20.06250431
373,FI,2011,Mother_Occ,31.87594062,31.3629969,20.3869474
374,FI,2019,Father_Edu,23.01858485,21.37703452,21.07679168
375,FI,2019,Mother_Edu,22.80630994,21.32095871,21.33369217
376,FI,2005,Father_Occ,21.57361831,20.5266755,21.67919319
377,FI,2005,Father_Edu,17.8357726,18.42383487,21.85112682
378,FI,2019,Mother_Occ,22.6593504,24.39110919,22.19002712
379,FR,2005,Sex,3.051526529,3.972727131,3.722129964
380,FR,2005,Birth_Area,6.641983555,5.984335036,6.365631355
381,FR,2011,Sex,3.0477364,3.944994943,8.269770329
382,FR,2019,Sex,1.414254466,3.463239109,9.737034535
383,FR,2011,Birth_Area,8.850167957,8.842275651,11.91449996
384,FR,2019,Father_Occ,28.79685163,30.16404808,13.04083505
385,FR,2019,Father_Edu,25.27604219,24.24822665,13.30323076
386,FR,2011,Mother_Edu,17.88150082,16.46964963,16.07790265
387,FR,2019,Birth_Area,12.06968529,10.81208562,16.46390635
388,FR,2011,Mother_Occ,19.1283043,20.38184513,18.83948625
389,FR,2005,Mother_Edu,21.49630798,20.17657563,20.83305473
390,FR,2005,Father_Edu,21.89348243,22.09107143,21.27842725
391,FR,2011,Father_Edu,20.02344525,19.354542,21.46088795
392,FR,2005,Father_Occ,24.38773797,23.40902144,22.37030825
393,FR,2019,Mother_Occ,14.26188739,13.17596458,22.53478888
394,FR,2011,Father_Occ,31.06884527,31.00669265,23.43745286
395,FR,2019,Mother_Edu,18.18127903,18.13643597,24.92020442
396,FR,2005,Mother_Occ,22.52896155,24.36626934,25.43044845
397,GAM,2015,Mother_Edu,4.510979557,1.321369006,0.375427644
398,GAM,2015,Father_Edu,6.214141141,4.146132756,2.004912776
399,GAM,2015,Sex,3.703351322,4.757947946,4.572378845
400,GAM,2015,Father_Occ,12.50485086,10.05600714,9.994867183
401,GAM,2015,Mother_Occ,19.10322848,18.89478404,14.39721567
402,GAM,2015,Ethnicity,25.4653611,25.6312598,23.83179765
403,GAM,2015,Birth_Area,28.49808754,35.19249931,44.82340023
404,GEO,2016,Sex,2.049238057,4.904808493,7.269306971
405,GEO,2016,Ethnicity,1.725641743,0,8.390490619
406,GEO,2016,Birth_Area,11.73881069,10.86485766,13.60399459
407,GEO,2016,Mother_Occ,17.57575551,14.22928778,17.0656491
408,GEO,2016,Father_Occ,21.47112245,20.19639027,17.75938148
409,GEO,2016,Mother_Edu,23.6996631,26.191706,17.78741107
410,GEO,2016,Father_Edu,21.73976845,23.88527277,18.12376617
411,GHA,2017,Sex,2.027649199,2.684400015,3.218970229
412,GHA,2013,Sex,3.069109067,4.083654137,3.684468857
413,GHA,2013,Mother_Edu,9.959737628,9.780087354,11.80633017
414,GHA,2017,Mother_Edu,10.07972304,10.2122983,13.34695962
415,GHA,2017,Ethnicity,15.12832394,15.67260905,14.5380046
416,GHA,2013,Ethnicity,16.65732787,17.29610068,15.63810562
417,GHA,2013,Father_Edu,14.65140799,14.37821546,16.0062566
418,GHA,2017,Father_Occ,14.21937818,13.70840088,16.0083291
419,GHA,2017,Father_Edu,13.29067273,13.88696526,16.07404192
420,GHA,2013,Mother_Occ,17.17769203,16.57482568,16.32181458
421,GHA,2017,Mother_Occ,20.32512252,18.62362036,17.39651256
422,GHA,2013,Birth_Area,22.61633674,22.09913646,18.26024216
423,GHA,2013,Father_Occ,15.86838867,15.78798023,18.28278202
424,GHA,2017,Birth_Area,24.92913038,25.21170613,19.41718197
425,GNB,2018,Sex,1.753072373,2.184687168,2.955058774
426,GNB,2018,Mother_Edu,9.910356525,9.972868366,9.83218715
427,GNB,2018,Father_Edu,18.66644408,17.52729788,15.19528106
428,GNB,2018,Mother_Occ,21.00516682,21.3417004,21.61393421
429,GNB,2018,Father_Occ,22.36094812,21.60732732,22.52022245
430,GNB,2018,Ethnicity,26.30401207,27.36611887,27.88331636
431,GTM,2000,Sex,1.331375248,1.612611025,3.359412456
432,GTM,2006,Sex,2.124632809,2.405007312,5.079239261
433,GTM,2011,Sex,2.120469979,3.008296199,5.852702941
434,GTM,2000,Ethnicity,12.09516897,12.01884377,10.07209048
435,GTM,2000,Birth_Area,18.54779739,18.14873585,10.55093989
436,GTM,2011,Ethnicity,12.83722201,12.40913557,10.87125458
437,GTM,2000,Father_Occ,17.08407205,17.58890687,11.52181806
438,GTM,2006,Ethnicity,15.28312277,14.79860825,11.97281455
439,GTM,2011,Birth_Area,29.03696346,27.95185666,18.24852548
440,GTM,2006,Birth_Area,24.93128074,23.83787783,18.77885238
441,GTM,2000,Mother_Occ,9.228902955,8.688096581,19.65786498
442,GTM,2000,Father_Edu,20.69396702,20.86320072,22.20587104
443,GTM,2000,Mother_Edu,21.01871637,21.07960519,22.63200309
444,GTM,2006,Mother_Edu,27.41163508,28.01990135,29.78668848
445,GTM,2011,Mother_Edu,27.51668003,27.80144323,30.09230734
446,GTM,2006,Father_Edu,30.2493286,30.93860526,34.38240533
447,GTM,2011,Father_Edu,28.48866452,28.82926834,34.93520967
448,HR,2011,Birth_Area,1.76119285,1.364239337,1.279562262
449,HR,2011,Sex,1.337483949,2.660577564,1.279562262
450,HR,2011,Father_Edu,23.64273106,22.42973552,22.32614377
451,HR,2011,Mother_Edu,25.03491745,24.05015831,24.4436352
452,HR,2011,Father_Occ,27.12319703,27.91099172,25.16229896
453,HR,2011,Mother_Occ,21.10047766,21.58429755,25.50879755
454,HU,2011,Birth_Area,1.059070972,0,0
455,HU,2005,Birth_Area,2.498089808,0.971549183,0.871096493
456,HU,2019,Birth_Area,0.276785451,0,1.238042235
457,HU,2019,Sex,1.07434658,2.793248373,1.9815904
458,HU,2011,Sex,1.137817671,1.913012435,2.367068714
459,HU,2005,Sex,0.585845286,1.826536128,3.731018669
460,HU,2019,Father_Occ,18.50105727,20.63050046,20.38440749
461,HU,2011,Mother_Edu,21.47021529,21.02139778,21.67933606
462,HU,2019,Father_Edu,21.81093595,18.11640218,22.04049204
463,HU,2005,Mother_Edu,17.60353814,19.2194134,22.69450264
464,HU,2011,Father_Edu,22.50967171,22.33218641,22.92895336
465,HU,2005,Father_Occ,25.67603347,26.20587815,23.36915095
466,HU,2005,Father_Edu,24.45681717,23.61648912,24.13179686
467,HU,2019,Mother_Edu,23.00727765,23.25470525,24.57531534
468,HU,2005,Mother_Occ,29.17967612,28.16013402,25.20243439
469,HU,2011,Father_Occ,26.73049477,27.05102547,25.42818795
470,HU,2011,Mother_Occ,27.09272958,28.08509205,28.1546257
471,HU,2019,Mother_Occ,35.3295971,36.55923999,29.78015249
472,IE,2019,Sex,2.684536267,4.177953826,4.204742779
473,IE,2005,Sex,5.731612613,7.341647355,5.494403438
474,IE,2011,Sex,4.274449038,6.98143038,6.292213298
475,IE,2005,Birth_Area,4.466399747,4.859741886,7.142770144
476,IE,2011,Mother_Occ,10.37008041,11.19240268,10.56134676
477,IE,2019,Birth_Area,8.18143263,8.521853944,11.48349832
478,IE,2011,Mother_Edu,14.0040145,14.45953636,13.94299012
479,IE,2011,Father_Edu,21.573315,19.13516767,16.14641384
480,IE,2011,Birth_Area,11.69303338,11.84582941,16.40654025
481,IE,2005,Mother_Edu,20.2715192,19.7716019,16.48351481
482,IE,2019,Father_Edu,17.68105652,18.26169249,20.13864546
483,IE,2005,Father_Occ,18.72514792,18.14763907,20.52430264
484,IE,2019,Father_Occ,28.30473403,25.81826874,20.57264281
485,IE,2019,Mother_Edu,23.72627172,22.31147437,21.16783918
486,IE,2019,Mother_Occ,19.42196883,20.90875663,22.43263145
487,IE,2005,Father_Edu,19.87990569,19.91459234,24.2674687
488,IE,2005,Mother_Occ,30.92541484,29.96477745,26.08754027
489,IE,2011,Father_Occ,38.08510768,36.3856335,36.65049572
490,IND,2005,Sex,1.440197713,1.301671435,5.896449737
491,IND,2012,Birth_Area,3.000150667,1.486010045,7.32364579
492,IND,2005,Birth_Area,2.384347939,1.565424093,8.805337196
493,IND,2012,Sex,2.633154045,2.553092826,9.496103777
494,IND,2012,Ethnicity,13.21032535,14.06635442,10.26057674
495,IND,2005,Ethnicity,19.73379052,20.16279232,13.4693349
496,IND,2005,Mother_Edu,19.66284282,19.78119273,21.71199752
497,IND,2012,Father_Occ,28.81589812,28.48882064,22.6372973
498,IND,2005,Father_Occ,28.13836478,28.46819514,23.15421903
499,IND,2012,Father_Edu,30.48107683,31.07228422,23.71626864
500,IND,2012,Mother_Edu,21.85939499,22.33343786,26.56610774
501,IND,2005,Father_Edu,28.64045623,28.72072428,26.96266161
502,IS,2005,Birth_Area,1.004647116,0,0.516036523
503,IS,2005,Sex,6.741650614,9.961546525,7.678756634
504,IS,2005,Mother_Edu,19.80289525,17.91946543,17.41821546
505,IS,2005,Father_Edu,19.26744159,20.35448274,19.01333942
506,IS,2005,Father_Occ,23.95266111,21.81902214,24.22816777
507,IS,2005,Mother_Occ,29.23070433,30.58861349,31.14548419
508,IT,2019,Sex,3.1703961,3.611917284,5.012307414
509,IT,2005,Sex,3.255635477,3.604649334,5.072976165
510,IT,2005,Birth_Area,4.801710688,3.332759988,8.164626966
511,IT,2011,Sex,3.716815506,3.31545853,8.726468672
512,IT,2019,Birth_Area,12.0784713,11.84317481,13.23965508
513,IT,2019,Mother_Edu,15.99587787,16.04023915,15.69652
514,IT,2011,Mother_Edu,18.93289062,18.81810444,16.44846275
515,IT,2011,Father_Occ,26.40495474,26.36657755,16.69091155
516,IT,2019,Father_Edu,20.42308392,19.81133278,16.99424866
517,IT,2011,Father_Edu,20.48687276,20.04749746,17.39401305
518,IT,2005,Father_Occ,23.75284472,24.03033646,18.06025169
519,IT,2011,Birth_Area,13.72705045,13.9497081,19.12752192
520,IT,2005,Mother_Edu,22.62842638,22.63690356,20.44925458
521,IT,2005,Father_Edu,26.08367023,26.45468312,20.61320576
522,IT,2011,Mother_Occ,16.73141592,17.50265392,21.61262206
523,IT,2019,Mother_Occ,19.02784323,20.27488914,23.7978746
524,IT,2019,Father_Occ,29.30432758,28.41844682,25.25939425
525,IT,2005,Mother_Occ,19.47771251,19.94066754,27.63968485
526,KAZ,2016,Sex,3.188080968,1.83277824,6.155934604
527,KAZ,2016,Father_Edu,11.68848403,12.71553902,10.69999318
528,KAZ,2016,Birth_Area,12.69422,26.38226187,11.34634634
529,KAZ,2016,Mother_Edu,14.73470356,15.98157244,13.79465377
530,KAZ,2016,Father_Occ,20.80780154,3.929788624,17.8294644
531,KAZ,2016,Ethnicity,22.02628935,30.70885226,18.40726496
532,KAZ,2016,Mother_Occ,14.86042055,8.449207554,21.76634274
533,KGZ,2016,Sex,5.013326815,3.652118145,4.464679053
534,KGZ,2016,Father_Edu,19.82530455,16.43251558,9.598662465
535,KGZ,2016,Mother_Edu,23.45006671,27.39138465,12.3127214
536,KGZ,2016,Father_Occ,16.07015527,13.53192964,16.84506614
537,KGZ,2016,Mother_Occ,16.64385863,13.16564404,17.64056617
538,KGZ,2016,Ethnicity,11.72391767,13.77941991,18.36921746
539,KGZ,2016,Birth_Area,7.273370366,12.04698803,20.76908731
540,KOR,2007,Birth_Area,28.99577245,29.28437275,3.731461056
541,KOR,2003,Sex,1.780853077,5.630172679,3.979183582
542,KOR,2001,Sex,1.642211091,4.605358466,4.36647538
543,KOR,2017,Sex,1.787413466,5.20385382,4.993526527
544,KOR,1999,Sex,3.271853373,5.995842696,5.897218128
545,KOR,2011,Sex,3.328719353,6.420588915,6.037715688
546,KOR,2015,Sex,2.717726707,7.512313308,6.749298543
547,KOR,2005,Sex,2.618295018,6.490976329,6.75646469
548,KOR,1999,Ethnicity,11.83543981,11.23694184,8.01982728
549,KOR,2017,Ethnicity,19.78130427,20.04388249,8.188280671
550,KOR,2009,Sex,5.38622506,8.426140033,8.416774099
551,KOR,2019,Sex,1.467773957,3.886388399,8.814899847
552,KOR,2013,Sex,3.186110927,4.674411855,10.17029258
553,KOR,2001,Ethnicity,16.06223455,13.90643236,10.51657102
554,KOR,2003,Ethnicity,14.83695208,12.35017124,11.1749163
555,KOR,2019,Ethnicity,10.84541589,9.834618899,11.47889216
556,KOR,2007,Sex,3.382837073,5.618796793,12.46272484
557,KOR,2005,Mother_Edu,13.48939803,13.05254217,12.80489768
558,KOR,2009,Ethnicity,13.17998472,12.96998182,13.5916024
559,KOR,2011,Ethnicity,13.41609408,12.28477808,14.21294983
560,KOR,2015,Birth_Area,20.46031143,21.02928819,14.41100098
561,KOR,2011,Father_Edu,17.23198364,16.56264557,14.90090782
562,KOR,2013,Ethnicity,24.24188887,24.45992075,15.62372847
563,KOR,2007,Mother_Edu,16.10700098,16.46601091,15.90577222
564,KOR,2013,Mother_Edu,15.66473347,14.2020358,15.98812856
565,KOR,2013,Father_Edu,13.53942063,13.48318513,16.40279074
566,KOR,2005,Birth_Area,30.68654263,29.25177334,16.6566361
567,KOR,2011,Birth_Area,24.70476737,24.45524607,17.09090743
568,KOR,2015,Father_Occ,20.81049402,20.87194774,17.62437947
569,KOR,2007,Father_Edu,24.51844698,24.17355261,17.71289653
570,KOR,2015,Ethnicity,16.82230337,15.23629895,17.93941658
571,KOR,2005,Father_Edu,13.13320199,14.39760468,18.21137426
572,KOR,2009,Father_Occ,25.31811279,23.11019372,18.25009528
573,KOR,2003,Birth_Area,28.88543865,25.63075234,18.36038407
574,KOR,2019,Birth_Area,28.08455405,27.24441619,18.74177647
575,KOR,2013,Father_Occ,23.22477486,22.49734432,18.77767411
576,KOR,1999,Father_Occ,31.10350928,24.95272316,18.80044745
577,KOR,2009,Father_Edu,23.11796054,19.82425164,18.97296487
578,KOR,1999,Mother_Edu,15.16993364,16.01995006,19.09090975
579,KOR,2019,Father_Edu,16.12384907,15.27781096,19.16240683
580,KOR,2003,Father_Edu,20.55868668,20.86053438,19.24317011
581,KOR,2015,Father_Edu,17.89230574,15.96578649,19.66581992
582,KOR,2009,Birth_Area,20.02283111,23.44392222,19.97121334
583,KOR,2017,Father_Edu,15.68224753,15.97643277,20.008871
584,KOR,2001,Father_Occ,28.27176339,25.96774056,20.08220421
585,KOR,2005,Father_Occ,21.05500183,21.87147379,20.15730461
586,KOR,2019,Father_Occ,24.47200935,23.38648367,20.508424
587,KOR,2001,Mother_Edu,17.51287164,18.04024298,20.55037758
588,KOR,2017,Birth_Area,24.28381147,19.93295205,20.59867177
589,KOR,2007,Father_Occ,20.84769853,20.1486342,20.66136252
590,KOR,2009,Mother_Edu,12.97488578,12.22551057,20.79735001
591,KOR,2019,Mother_Edu,19.00639769,20.37028188,21.29360069
592,KOR,2003,Mother_Edu,11.05347446,12.54637558,21.6964941
593,KOR,2001,Birth_Area,17.49560215,17.70011932,22.01873952
594,KOR,2001,Father_Edu,19.01531719,19.78010631,22.46563228
595,KOR,2011,Father_Occ,21.38353015,21.47764226,22.4799117
596,KOR,2013,Birth_Area,20.14307124,20.68310215,23.03738555
597,KOR,2017,Mother_Edu,18.89371324,15.66829264,23.04388744
598,KOR,2017,Father_Occ,19.57151002,23.17458622,23.1667626
599,KOR,1999,Father_Edu,19.03491513,19.36131918,23.30261317
600,KOR,2015,Mother_Edu,21.29685873,19.38436532,23.6100845
601,KOR,1999,Birth_Area,19.58434877,22.43322305,24.88898422
602,KOR,2011,Mother_Edu,19.93490541,18.79909909,25.27760754
603,KOR,2005,Ethnicity,19.0175605,14.93562969,25.41332266
604,KOR,2003,Father_Occ,22.88459505,22.98199378,25.54585184
605,KOR,2007,Ethnicity,6.148243978,4.308632737,29.52578283
606,LT,2019,Birth_Area,0.534259555,0,0.216439309
607,LT,2011,Birth_Area,0.670254904,0.561136035,0.552370883
608,LT,2011,Sex,1.815127317,2.74954295,1.661516119
609,LT,2005,Sex,2.536993254,4.204625598,2.23555837
610,LT,2005,Birth_Area,0.571002659,0,2.764125369
611,LT,2019,Sex,0.636548368,3.624822923,6.624220179
612,LT,2019,Mother_Edu,23.09624921,23.71928507,20.75903092
613,LT,2019,Father_Edu,19.48691537,18.69566954,21.23019128
614,LT,2005,Mother_Occ,21.43313307,22.74918814,21.46064642
615,LT,2011,Mother_Occ,19.17902557,19.87060882,21.62613036
616,LT,2011,Father_Occ,25.23730875,25.74927053,22.03809859
617,LT,2005,Mother_Edu,20.48549732,20.14748462,22.73904103
618,LT,2005,Father_Occ,29.49510889,28.28523308,24.57058714
619,LT,2019,Mother_Occ,31.39625577,31.7619591,25.5244814
620,LT,2019,Father_Occ,24.84977172,22.98591054,25.64563692
621,LT,2005,Father_Edu,25.4782648,24.9350943,26.23004167
622,LT,2011,Father_Edu,30.10301651,26.93644552,26.96587243
623,LT,2011,Mother_Edu,22.99526695,24.13299614,27.15601161
624,LU,2005,Sex,2.334293522,2.711271364,1.484292876
625,LU,2011,Sex,2.838911439,3.700011269,3.840746543
626,LU,2019,Sex,2.670080046,3.678057208,5.767542432
627,LU,2011,Mother_Occ,10.45364788,11.41879827,12.86898278
628,LU,2019,Father_Edu,20.11544457,17.78553565,15.42369397
629,LU,2019,Father_Occ,24.358271,23.79824025,15.649689
630,LU,2005,Mother_Occ,19.47138601,19.76665705,16.42585036
631,LU,2019,Mother_Edu,20.44728575,19.36168151,16.63584916
632,LU,2011,Father_Occ,22.07148789,22.09588689,18.49561259
633,LU,2005,Birth_Area,9.950779071,11.65229626,18.94347543
634,LU,2019,Mother_Occ,14.56895639,15.67427853,19.24506458
635,LU,2005,Mother_Edu,18.26201161,18.91823863,20.14755698
636,LU,2005,Father_Occ,24.37321201,23.13857641,20.55256623
637,LU,2011,Mother_Edu,22.31142154,21.18912777,21.02351873
638,LU,2011,Birth_Area,15.59327927,17.51675334,21.66423227
639,LU,2011,Father_Edu,26.73125198,24.07942246,22.10690708
640,LU,2005,Father_Edu,25.60831778,23.81296029,22.44625813
641,LU,2019,Birth_Area,17.83996224,19.70220685,27.27816086
642,LV,2011,Sex,0.57749081,2.577322205,1.805173144
643,LV,2011,Birth_Area,1.4891545,3.801910088,3.169085104
644,LV,2005,Birth_Area,1.658657681,3.670057301,3.345276077
645,LV,2019,Birth_Area,0.636183615,1.871960079,3.607489021
646,LV,2019,Sex,1.433797893,3.497330094,3.660629113
647,LV,2005,Sex,4.113548629,4.01470648,4.303887311
648,LV,2005,Father_Occ,22.77071983,21.06928199,18.65000025
649,LV,2011,Father_Occ,20.41461739,21.09098418,19.27868674
650,LV,2019,Mother_Edu,16.00980785,16.43629926,21.34299478
651,LV,2019,Father_Edu,23.56368425,20.94126182,22.11352611
652,LV,2005,Mother_Edu,25.59716185,27.89555928,23.13453786
653,LV,2011,Father_Edu,21.17433713,19.90589913,23.39615681
654,LV,2019,Mother_Occ,26.87925733,27.60911834,23.65458878
655,LV,2005,Father_Edu,22.61148367,20.46892535,24.17027874
656,LV,2011,Mother_Edu,24.9054052,21.1173194,24.65713202
657,LV,2019,Father_Occ,31.47726906,29.6440304,25.62077219
658,LV,2005,Mother_Occ,23.24842834,22.88146961,26.39601976
659,LV,2011,Mother_Occ,31.43899497,31.50656499,27.69376619
660,MEX,2017,Ethnicity,7.26218388,5.158449326,2.551174505
661,MEX,2017,Birth_Area,3.226827179,3.888961148,6.46067877
662,MEX,2017,Sex,13.22266488,10.3505888,9.575625514
663,MEX,2017,Mother_Occ,0.005946142,10.95510698,16.89539879
664,MEX,2017,Father_Occ,0.005946142,21.02369311,18.02746747
665,MEX,2017,Mother_Edu,38.47141048,24.07986835,23.10419783
666,MEX,2017,Father_Edu,37.8050213,24.54333229,23.38545713
667,MNG,2016,Sex,3.807522804,6.011705587,3.636711562
668,MNG,2016,Ethnicity,9.088129525,5.464109536,9.476596536
669,MNG,2016,Birth_Area,15.39472369,30.31128035,9.83232557
670,MNG,2016,Father_Edu,22.41161687,26.65412101,13.12281913
671,MNG,2016,Mother_Edu,18.22157023,13.37491677,18.41132411
672,MNG,2016,Mother_Occ,18.78837448,11.09652606,21.63660068
673,MNG,2016,Father_Occ,12.2880624,7.087340687,23.88362241
674,MT,2011,Birth_Area,1.151824138,0.771336994,2.447726068
675,MT,2019,Sex,1.217352314,2.037881446,3.549841465
676,MT,2011,Sex,5.453332612,6.499226876,7.979284007
677,MT,2011,Mother_Occ,9.001157977,8.71029683,8.280682997
678,MT,2019,Birth_Area,2.545738589,3.463169942,8.292200275
679,MT,2019,Mother_Occ,16.37551351,19.20399344,16.04809813
680,MT,2019,Mother_Edu,21.4342996,21.47505753,20.02914181
681,MT,2011,Mother_Edu,21.26229538,20.42722659,21.4181331
682,MT,2019,Father_Edu,23.85451021,22.66540836,22.01173328
683,MT,2011,Father_Edu,27.56749797,27.39122645,29.02402527
684,MT,2019,Father_Occ,34.57258577,31.15448929,30.06898504
685,MT,2011,Father_Occ,35.56389193,36.20068626,30.85014856
686,NER,2018,Ethnicity,3.005807339,0,0
687,NER,2018,Sex,2.625332477,1.399424526,5.828953907
688,NER,2018,Mother_Edu,16.0687776,15.99026986,13.13412105
689,NER,2018,Father_Edu,20.59824024,21.86525924,19.59902249
690,NER,2018,Father_Occ,21.66719342,23.27602972,24.91498919
691,NER,2018,Mother_Occ,36.03464892,37.78957256,37.03882293
692,NGA,2019,Sex,5.253114867,5.227509904,4.974873764
693,NGA,2019,Ethnicity,10.5444017,9.899152071,8.998388783
694,NGA,2019,Mother_Edu,19.06543505,19.3055667,19.26735995
695,NGA,2019,Father_Edu,26.89928829,25.93424816,24.97234393
696,NGA,2019,Birth_Area,38.23776009,39.63352316,41.78703357
697,NL,2005,Birth_Area,4.609480697,4.641224929,3.075022038
698,NL,2011,Sex,0.602618603,5.700779274,8.230844885
699,NL,2005,Sex,8.42367296,9.086035332,9.349403898
700,NL,2019,Sex,2.204238618,2.967399691,10.25122245
701,NL,2019,Birth_Area,11.75106612,9.971263337,10.25122245
702,NL,2011,Birth_Area,15.24069139,12.43573374,12.6095559
703,NL,2019,Mother_Edu,14.35105319,15.26952288,14.07610724
704,NL,2019,Father_Edu,20.46508527,20.24117739,17.88575345
705,NL,2005,Father_Occ,26.68118095,25.82959297,17.91470448
706,NL,2011,Mother_Occ,16.40475284,14.22740431,18.05202156
707,NL,2011,Father_Edu,20.62447561,20.14207586,18.79417597
708,NL,2019,Father_Occ,30.33691116,30.47480199,19.40961194
709,NL,2011,Father_Occ,32.17778554,31.21589521,20.74851592
710,NL,2005,Mother_Edu,17.40781303,18.22019263,20.75270826
711,NL,2011,Mother_Edu,14.94967602,16.2781116,21.56488577
712,NL,2005,Father_Edu,18.8177988,18.62295862,22.20590297
713,NL,2005,Mother_Occ,24.06005357,23.59999552,26.70225836
714,NL,2019,Mother_Occ,20.89164565,21.07583471,28.12608247
715,NO,2005,Birth_Area,1.361188199,0.539460323,5.80924042
716,NO,2019,Sex,1.604016423,3.507897737,6.249978235
717,NO,2011,Sex,6.673059219,7.464300895,10.76850464
718,NO,2011,Birth_Area,7.495703734,7.518115899,11.73016149
719,NO,2019,Father_Edu,12.08450122,12.61192973,12.22051917
720,NO,2019,Birth_Area,22.69497653,23.98559435,14.02438472
721,NO,2005,Mother_Edu,27.86359487,26.34299047,14.46543504
722,NO,2005,Sex,5.680433352,8.357055262,16.17585151
723,NO,2011,Mother_Occ,20.71895261,20.05701195,16.28200393
724,NO,2011,Mother_Edu,19.43928337,20.13773446,16.82694281
725,NO,2005,Father_Occ,20.0227352,19.37275722,17.82677522
726,NO,2011,Father_Occ,23.94859404,20.72969951,18.36559377
727,NO,2019,Mother_Edu,16.14670463,15.36609067,21.06200105
728,NO,2019,Mother_Occ,26.26971553,25.03115544,22.16718629
729,NO,2005,Father_Edu,23.21325775,22.11984915,22.45233627
730,NO,2005,Mother_Occ,21.85879063,23.26788757,23.27036153
731,NO,2019,Father_Occ,21.20008567,19.49733208,24.27593053
732,NO,2011,Father_Edu,21.72440702,24.09313729,26.02679337
733,PAN,2003,Ethnicity,3.018949006,2.765352777,3.778839823
734,PAN,2003,Sex,0.981849687,1.506786884,4.551276022
735,PAN,2003,Birth_Area,22.11022596,21.9777464,19.78933558
736,PAN,2003,Father_Edu,36.31768788,36.23293151,34.30177326
737,PAN,2003,Mother_Edu,37.57128746,37.51718242,37.57877531
738,PER,2010,Sex,1.468871824,2.131887242,3.145697524
739,PER,2015,Sex,1.595961051,1.944581715,3.789635318
740,PER,2009,Sex,1.864961573,2.27799516,3.937235463
741,PER,2014,Sex,1.556397459,1.944861183,4.087450028
742,PER,2013,Sex,1.477314749,1.951681356,4.093102351
743,PER,2008,Sex,1.604752013,1.946225654,4.09470445
744,PER,2007,Sex,2.164015495,2.642819461,4.649922749
745,PER,2012,Sex,1.437211009,1.944971751,4.82679954
746,PER,2011,Sex,1.298723508,1.769175118,4.860195802
747,PER,2001,Sex,1.400874866,1.798116367,5.326896111
748,PER,2006,Sex,1.833083641,2.137014038,5.566771313
749,PER,2011,Ethnicity,8.3410452,7.934333648,9.140620691
750,PER,2010,Ethnicity,7.573174072,7.509668752,9.322963731
751,PER,2008,Ethnicity,8.437432057,8.507680915,9.453059522
752,PER,2007,Ethnicity,7.968772622,8.037144144,9.460557841
753,PER,2006,Ethnicity,9.48458393,9.143067227,9.512581769
754,PER,2009,Ethnicity,8.941912203,9.011793501,9.660113706
755,PER,2013,Ethnicity,10.98896393,11.13036395,10.48943492
756,PER,2012,Ethnicity,11.40133234,11.11764262,10.59214266
757,PER,2015,Ethnicity,11.45852906,11.68867934,10.62981392
758,PER,2001,Ethnicity,9.244809,8.934560905,10.85148445
759,PER,2014,Ethnicity,11.10264641,11.48846934,11.18814899
760,PER,2001,Birth_Area,23.23530136,23.5234549,20.43081652
761,PER,2007,Birth_Area,22.5550854,22.06238832,20.4493182
762,PER,2011,Birth_Area,22.78683328,22.97130567,20.80917621
763,PER,2006,Birth_Area,24.30786662,23.4001405,20.95295045
764,PER,2015,Birth_Area,22.87353833,23.10232641,21.30507173
765,PER,2009,Birth_Area,23.37776369,23.55003595,21.79703906
766,PER,2014,Birth_Area,22.73908712,22.86619111,21.86829866
767,PER,2010,Birth_Area,23.34999389,23.38279805,22.04586523
768,PER,2008,Birth_Area,24.1665404,24.17141028,22.18578445
769,PER,2013,Birth_Area,23.34785021,23.67765397,22.26910621
770,PER,2012,Birth_Area,22.47257826,22.73018217,22.27065821
771,PER,2014,Father_Edu,32.28533606,31.75697917,30.24945154
772,PER,2012,Father_Edu,32.28293228,32.11904394,30.28300686
773,PER,2013,Father_Edu,32.57790451,32.05281553,30.48882771
774,PER,2008,Father_Edu,33.00719172,32.85486809,30.72732075
775,PER,2001,Father_Edu,34.01106661,33.60927873,30.77041304
776,PER,2010,Father_Edu,33.14046899,32.8951105,31.00006762
777,PER,2011,Father_Edu,33.83184209,33.7077037,31.12910471
778,PER,2007,Father_Edu,33.09791352,33.05175675,31.34040069
779,PER,2015,Father_Edu,32.21862592,31.57149538,31.35068968
780,PER,2006,Father_Edu,31.67153618,31.94948512,31.40066241
781,PER,2009,Father_Edu,32.8230962,32.4533007,31.63928377
782,PER,2012,Mother_Edu,32.40594612,32.08815952,32.02739273
783,PER,2006,Mother_Edu,32.70292963,33.37029311,32.56703406
784,PER,2014,Mother_Edu,32.31653296,31.9434992,32.60665078
785,PER,2001,Mother_Edu,32.10794817,32.13458909,32.62038987
786,PER,2013,Mother_Edu,31.6079666,31.18748519,32.65952881
787,PER,2015,Mother_Edu,31.85334563,31.69291715,32.92478935
788,PER,2009,Mother_Edu,32.99226634,32.70687469,32.966328
789,PER,2008,Mother_Edu,32.7840838,32.51981506,33.53913084
790,PER,2011,Mother_Edu,33.74155592,33.61748187,34.06090258
791,PER,2007,Mother_Edu,34.21421296,34.20589133,34.09980052
792,PER,2010,Mother_Edu,34.46749122,34.08053546,34.48540589
793,PL,2011,Birth_Area,0.039406373,0,0
794,PL,2005,Birth_Area,0.614300237,0,0
795,PL,2019,Birth_Area,0.880358759,0,0
796,PL,2005,Sex,1.089573855,1.853425992,3.305592103
797,PL,2019,Sex,1.729084991,3.297463672,3.822416721
798,PL,2011,Sex,1.252337215,3.17785533,4.195576013
799,PL,2019,Father_Edu,15.28984411,15.78802059,17.24301122
800,PL,2019,Mother_Edu,19.11854245,18.45841552,19.15318172
801,PL,2011,Father_Edu,20.45707555,19.34573774,19.68816606
802,PL,2011,Mother_Edu,18.31760031,17.57007435,20.88787906
803,PL,2005,Mother_Edu,21.31246628,21.55559933,21.89072645
804,PL,2005,Father_Occ,25.2572373,25.71231858,24.34627529
805,PL,2005,Father_Edu,24.0809351,23.7635044,24.47868233
806,PL,2005,Mother_Occ,27.64548723,27.85263472,26.69349109
807,PL,2011,Father_Occ,27.36404284,28.02156674,27.31597092
808,PL,2019,Father_Occ,28.49225216,28.74374308,28.27589258
809,PL,2011,Mother_Occ,32.56953771,32.56975717,28.574929
810,PL,2019,Mother_Occ,34.48991753,34.84258053,32.39263936
811,PT,2005,Sex,0.45574687,1.280792577,1.666157728
812,PT,2011,Sex,0.816637875,1.20777566,1.742075742
813,PT,2019,Sex,1.654768315,2.160205444,1.977932315
814,PT,2019,Birth_Area,1.406529787,1.912231748,2.065888809
815,PT,2011,Birth_Area,1.403675978,3.443832218,3.354712201
816,PT,2005,Birth_Area,1.750251426,0.975058237,4.28413273
817,PT,2019,Mother_Edu,15.37321328,14.65807973,16.18290595
818,PT,2011,Father_Edu,21.99697265,21.12802951,19.67623662
819,PT,2019,Father_Edu,17.92092449,17.11301932,20.10796446
820,PT,2011,Mother_Edu,27.40946396,25.90115024,22.27494378
821,PT,2005,Father_Edu,23.8329762,25.02065093,22.2766131
822,PT,2005,Mother_Edu,23.66375992,22.80614274,23.37421131
823,PT,2005,Father_Occ,25.88049321,25.14459729,23.79698989
824,PT,2011,Mother_Occ,20.00104309,21.06352788,24.54496071
825,PT,2005,Mother_Occ,24.41677237,24.77275823,24.60189524
826,PT,2011,Father_Occ,28.37220645,27.2556845,28.40707095
827,PT,2019,Mother_Occ,26.0344048,26.33764082,28.43084762
828,PT,2019,Father_Occ,37.61015932,37.81882295,31.23446084
829,RO,2019,Sex,0.94351204,1.919269598,1.050180052
830,RO,2011,Sex,1.007214458,1.470946678,2.598969515
831,RO,2019,Father_Edu,18.36415878,17.58350513,16.47672526
832,RO,2019,Mother_Edu,17.03636558,17.24920742,17.07958276
833,RO,2011,Father_Edu,17.22565571,17.44948287,17.32691528
834,RO,2011,Mother_Edu,20.30246611,19.81854028,20.8306346
835,RO,2019,Father_Occ,30.2080741,30.09579083,28.03837585
836,RO,2011,Father_Occ,30.62803321,30.15166306,28.31345223
837,RO,2011,Mother_Occ,30.83663052,31.10936712,31.0776931
838,RO,2019,Mother_Occ,33.4478895,33.15222703,37.4693794
839,SE,2019,Sex,3.289901111,6.989974564,5.295310054
840,SE,2019,Father_Occ,14.76513237,12.27259642,15.13394209
841,SE,2019,Father_Edu,4.610411038,5.480654035,17.25056174
842,SE,2019,Mother_Edu,6.062971957,9.753004888,20.28681614
843,SE,2019,Birth_Area,21.65819419,18.86978776,20.66634794
844,SE,2019,Mother_Occ,49.61338933,46.63398234,21.36702203
845,SEN,2018,Ethnicity,1.860851647,2.142062709,2.518426842
846,SEN,2018,Sex,6.675382729,6.533889597,4.956740514
847,SEN,2018,Mother_Edu,15.68564936,16.60925716,17.67510504
848,SEN,2018,Mother_Occ,21.11897597,19.40797038,18.87921055
849,SEN,2018,Father_Edu,25.99387735,26.82814849,26.51022927
850,SEN,2018,Father_Occ,28.66526294,28.47867166,29.46028778
851,SI,2005,Sex,0.946470328,2.371625924,1.338863856
852,SI,2005,Birth_Area,2.700513287,2.887958665,1.688547571
853,SI,2011,Sex,1.851616409,3.015906565,2.126526797
854,SI,2019,Sex,1.16189186,3.044046187,4.160137034
855,SI,2019,Birth_Area,8.717897918,8.154602957,8.955130608
856,SI,2011,Birth_Area,11.37557729,10.24385595,12.87523515
857,SI,2011,Mother_Edu,17.74563391,15.82493079,16.45813793
858,SI,2011,Father_Edu,17.28914777,17.81947885,18.24011075
859,SI,2019,Father_Edu,18.55566818,17.34696805,18.59455068
860,SI,2019,Mother_Edu,21.39852195,20.71528956,19.53377623
861,SI,2011,Father_Occ,24.65517416,26.14534459,21.95571363
862,SI,2005,Mother_Edu,21.64748677,21.5349468,22.33445687
863,SI,2005,Father_Edu,20.30713319,20.60554786,23.86432312
864,SI,2019,Father_Occ,22.16534434,23.53605142,24.0486499
865,SI,2005,Father_Occ,26.89306807,26.09342728,24.63654132
866,SI,2019,Mother_Occ,28.00067575,27.20304182,24.70775555
867,SI,2005,Mother_Occ,27.50532835,26.50649347,26.13726726
868,SI,2011,Mother_Occ,27.08285046,26.95048326,28.34427574
869,SK,2005,Birth_Area,0.430108857,0,0
870,SK,2019,Birth_Area,0.60978394,0,0
871,SK,2011,Birth_Area,1.231764777,0,0
872,SK,2019,Sex,4.123617002,5.032206454,4.432403611
873,SK,2011,Sex,2.902912049,4.158328438,4.996728249
874,SK,2005,Sex,6.516363901,6.964584587,7.487506003
875,SK,2005,Mother_Edu,14.31069697,13.98019949,16.98447875
876,SK,2005,Father_Edu,16.92189672,17.79600955,19.63914436
877,SK,2011,Father_Edu,20.40353765,20.32102258,19.88140442
878,SK,2005,Father_Occ,23.69530959,25.41051842,20.06912541
879,SK,2019,Father_Occ,21.80397956,24.12992973,21.35439591
880,SK,2011,Father_Occ,24.04756712,24.95683407,21.35666079
881,SK,2019,Father_Edu,20.64752817,20.18319162,21.58523106
882,SK,2011,Mother_Edu,20.70527257,20.78042732,22.36952336
883,SK,2019,Mother_Edu,22.6268392,21.60476553,25.18981074
884,SK,2019,Mother_Occ,30.18825212,29.96586476,28.26169392
885,SK,2011,Mother_Occ,30.70894583,30.92909573,32.25594289
886,SK,2005,Mother_Occ,38.12562397,36.70394729,35.92233975
887,SRL,2018,Birth_Area,0,0.019566423,0
888,SRL,2011,Birth_Area,0.018596443,0,0.021415206
889,SRL,2011,Sex,1.624690119,2.549363792,2.153630745
890,SRL,2018,Sex,8.960207387,8.468626448,4.50869211
891,SRL,2018,Mother_Edu,8.893320039,8.930955314,11.38520271
892,SRL,2011,Ethnicity,7.494232459,9.201624778,13.55144958
893,SRL,2011,Father_Edu,17.40334374,16.61026529,15.55365198
894,SRL,2018,Father_Edu,13.19640606,14.25929549,16.064174
895,SRL,2011,Mother_Edu,15.35922452,13.94354259,16.94045884
896,SRL,2018,Ethnicity,18.04573874,16.92924469,17.46260811
897,SRL,2018,Father_Occ,22.67211361,23.22847549,23.6872171
898,SRL,2011,Mother_Occ,29.62912347,26.5789596,24.48988865
899,SRL,2018,Mother_Occ,28.2795029,28.16383614,26.93621064
900,SRL,2011,Father_Occ,28.47078925,31.12693394,27.28950499
901,TGO,2018,Sex,6.467304565,6.92740705,5.406635511
902,TGO,2018,Mother_Occ,8.698723572,8.910472281,7.552323851
903,TGO,2018,Mother_Edu,13.23067634,13.72913546,16.68599719
904,TGO,2018,Father_Occ,14.53398301,14.6928681,18.54172765
905,TGO,2018,Father_Edu,24.75309219,24.29312781,25.62636528
906,TGO,2018,Ethnicity,32.31622033,31.4469893,26.18695052
907,TIM,2007,Sex,2.229171955,2.761540406,3.64782762
908,TIM,2007,Mother_Edu,4.450525461,3.440814207,3.794747408
909,TIM,2014,Sex,2.592443583,2.689924999,4.925734605
910,TIM,2014,Mother_Edu,7.309938547,6.238336096,8.436589281
911,TIM,2007,Father_Edu,9.115367823,9.705228158,10.55305765
912,TIM,2014,Father_Edu,14.54343083,14.02941263,14.03901695
913,TIM,2007,Birth_Area,27.9228275,30.15891708,22.08626099
914,TIM,2014,Birth_Area,27.75241672,28.68589325,25.76676555
915,TIM,2014,Ethnicity,47.80177032,48.35643302,46.83189361
916,TIM,2007,Ethnicity,56.28210726,53.93350015,59.91810634
917,TJK,2016,Ethnicity,1.496728466,2.491566427,5.395382886
918,TJK,2016,Sex,3.7932027,6.157097353,7.184914563
919,TJK,2016,Mother_Edu,11.85725877,14.193069,12.21729455
920,TJK,2016,Birth_Area,7.54147099,6.312177508,12.65112042
921,TJK,2016,Father_Occ,25.96605737,20.93200662,19.13681704
922,TJK,2016,Mother_Occ,19.41978599,18.21105482,21.03480518
923,TJK,2016,Father_Edu,29.92549571,31.70302827,22.37966535
924,TZN,2013,Sex,1.51611387,1.639341769,2.443364201
925,TZN,2011,Sex,2.831874007,3.497218538,3.295826376
926,TZN,2009,Sex,3.723641411,3.672488536,5.585688294
927,TZN,2013,Ethnicity,9.974355455,13.36769745,15.34115987
928,TZN,2009,Mother_Edu,17.18349063,16.59915808,16.71137724
929,TZN,2009,Ethnicity,16.3691937,17.16307319,16.87499031
930,TZN,2011,Ethnicity,12.82044325,14.23959515,17.13146021
931,TZN,2009,Father_Edu,18.23728665,17.42334171,18.47021777
932,TZN,2011,Father_Edu,20.32277473,19.49401849,20.1738509
933,TZN,2013,Mother_Edu,23.97585141,22.24655827,20.38302545
934,TZN,2011,Mother_Edu,22.76539428,20.89519805,20.64469707
935,TZN,2013,Father_Edu,30.90491938,27.11960747,24.64320644
936,TZN,2013,Birth_Area,33.62875989,35.62679504,37.18924404
937,TZN,2011,Birth_Area,41.25951374,41.87396977,38.75416544
938,TZN,2009,Birth_Area,44.48638761,45.14193848,42.35772639
939,UGA,2010,Sex,1.003014105,1.335102221,1.305705219
940,UGA,2011,Sex,0.587078837,1.023982845,1.464552414
941,UGA,2014,Sex,0.751077006,2.354146667,3.411689511
942,UGA,2012,Father_Occ,9.443313707,9.429909101,7.649673493
943,UGA,2010,Mother_Occ,5.595903698,7.462786318,8.650323337
944,UGA,2010,Father_Occ,8.226440769,9.093540957,9.55018164
945,UGA,2012,Sex,1.191032703,3.146285459,10.95107595
946,UGA,2011,Father_Occ,5.966453142,5.856994824,12.00930691
947,UGA,2014,Mother_Occ,9.762688726,12.1130533,12.12582238
948,UGA,2011,Mother_Occ,4.579171629,5.433625174,13.16106695
949,UGA,2012,Mother_Occ,6.558143853,8.900390255,13.60668304
950,UGA,2010,Ethnicity,15.11929192,15.78334124,14.24592109
951,UGA,2014,Father_Occ,13.30824088,14.58943696,14.83654562
952,UGA,2011,Ethnicity,15.77693338,14.93469992,15.31362818
953,UGA,2012,Ethnicity,17.71645136,17.16088426,15.33886312
954,UGA,2014,Ethnicity,18.13413131,16.16976074,15.83200895
955,UGA,2012,Father_Edu,32.0032563,31.91680944,22.5029668
956,UGA,2014,Father_Edu,23.24563566,25.61911942,25.04387349
957,UGA,2011,Mother_Edu,36.24665258,37.50525074,27.66988875
958,UGA,2014,Mother_Edu,34.79822642,29.15448292,28.75006005
959,UGA,2012,Mother_Edu,33.08780208,29.44572149,29.9507376
960,UGA,2011,Father_Edu,36.84371044,35.2454465,30.3815568
961,UGA,2010,Mother_Edu,32.61869361,32.09706473,32.95917157
962,UGA,2010,Father_Edu,37.4366559,34.22816454,33.28869714
963,UK,2011,Sex,4.027998101,6.887809649,7.999498448
964,UK,2005,Sex,5.541077838,7.313866313,10.41718628
965,UK,2011,Father_Edu,22.32998596,22.11347591,14.0665162
966,UK,2011,Birth_Area,8.495543232,6.125820791,15.27716827
967,UK,2005,Father_Occ,29.79928643,30.15111256,15.76228917
968,UK,2005,Mother_Occ,28.26635729,27.63250672,17.65220624
969,UK,2005,Father_Edu,18.64209082,18.85983468,17.67539541
970,UK,2005,Birth_Area,1.068717556,0,19.05515082
971,UK,2005,Mother_Edu,16.68247006,16.49687301,19.43777207
972,UK,2011,Mother_Edu,13.69383924,13.49171309,19.81711353
973,UK,2011,Father_Occ,30.61736521,29.67692088,21.05528042
974,UK,2011,Mother_Occ,20.83526826,21.70425968,21.78442314
975,USA,1970,Ethnicity,7.392556216,5.738405822,0
976,USA,1972,Ethnicity,8.20072733,6.653219902,0
977,USA,1976,Ethnicity,10.19289506,8.037298715,0
978,USA,1974,Ethnicity,7.612309526,6.500613578,1.086293085
979,USA,1990,Ethnicity,11.09229764,9.217791999,2.591288181
980,USA,1982,Ethnicity,8.813332569,7.790214489,3.21398241
981,USA,1978,Ethnicity,9.755222428,7.564897161,3.73237913
982,USA,1986,Ethnicity,11.1510941,9.21078908,4.011264343
983,USA,2006,Sex,6.690541099,7.334827816,4.605089675
984,USA,2010,Sex,5.451304133,6.843463543,5.091028742
985,USA,1996,Ethnicity,11.622025,10.02707451,5.294800053
986,USA,1988,Ethnicity,8.951182923,7.903604526,5.637775361
987,USA,1998,Sex,6.10755671,8.805605094,5.643495028
988,USA,1984,Ethnicity,9.721097122,7.778043745,6.099316775
989,USA,2004,Sex,7.279544577,9.805457138,6.12070608
990,USA,1992,Ethnicity,11.27057424,8.834350153,6.384421418
991,USA,2014,Sex,4.862912542,6.123074907,6.387249859
992,USA,1996,Sex,5.186109445,5.56968133,6.887387802
993,USA,2008,Sex,7.360804734,7.987056747,7.104914617
994,USA,2000,Sex,5.224241435,5.992742993,7.368059193
995,USA,1976,Mother_Occ,5.001425073,5.930255196,7.967391418
996,USA,1994,Sex,6.547519388,6.892562409,8.080594873
997,USA,1972,Mother_Occ,6.512733478,6.931042698,8.126513417
998,USA,1980,Ethnicity,10.60943862,7.204725112,8.298316925
999,USA,1970,Mother_Occ,6.171929877,6.486295312,8.554162756
1000,USA,2012,Sex,5.777471486,6.863278502,8.635611479
1001,USA,1978,Mother_Occ,5.925301281,6.375292853,8.699329263
1002,USA,1970,Sex,3.444203671,3.570610197,8.751138558
1003,USA,1992,Sex,8.39674565,8.713973027,8.809582792
1004,USA,2002,Sex,2.910749697,5.306213905,8.841748366
1005,USA,2000,Ethnicity,10.78779089,8.236865786,9.102214333
1006,USA,1982,Sex,4.475823883,4.909951555,9.689488751
1007,USA,1984,Sex,5.77636624,6.51704184,9.808272564
1008,USA,1982,Mother_Occ,7.207735431,7.842393166,9.924034649
1009,USA,1974,Sex,7.893718161,7.986553065,10.09755821
1010,USA,1996,Mother_Occ,8.444800867,8.458568361,10.13093039
1011,USA,1976,Sex,6.244064165,6.32088686,10.34291032
1012,USA,1992,Mother_Occ,10.88531461,10.13997898,10.3466569
1013,USA,1998,Birth_Area,11.54613296,14.60452187,10.53301546
1014,USA,1986,Mother_Occ,6.521249672,7.172499448,10.5461752
1015,USA,1978,Birth_Area,8.596353299,10.90831138,10.55763393
1016,USA,1990,Sex,5.703407052,6.620931111,10.57860305
1017,USA,1974,Mother_Occ,4.836597087,6.264214115,10.61850465
1018,USA,1972,Sex,7.5542616,7.411889844,10.69764848
1019,USA,1986,Sex,4.513249731,5.170607845,10.9267595
1020,USA,2004,Birth_Area,13.41697066,14.59537741,11.1624871
1021,USA,2006,Father_Occ,15.41121261,15.55020017,11.32473081
1022,USA,2014,Ethnicity,14.05734145,11.72313319,11.44267913
1023,USA,1980,Birth_Area,11.05547688,12.45654174,11.48769152
1024,USA,1994,Ethnicity,14.77243077,12.5573771,11.59296945
1025,USA,1988,Sex,2.583615329,4.474411222,11.75529596
1026,USA,2004,Ethnicity,13.20145799,10.08148644,11.80944131
1027,USA,2014,Mother_Occ,6.713424577,8.585800102,12.04356216
1028,USA,2000,Birth_Area,9.686773226,12.04764034,12.10587061
1029,USA,1994,Birth_Area,10.81151411,12.29198191,12.12538823
1030,USA,2010,Ethnicity,11.8228452,9.924913019,12.16614534
1031,USA,1984,Mother_Occ,6.850209647,8.447951006,12.33753504
1032,USA,2008,Birth_Area,14.20507487,16.05462861,12.45146331
1033,USA,2012,Mother_Occ,8.60144535,9.956975435,12.46285056
1034,USA,2006,Birth_Area,13.08388906,14.37657555,12.50490928
1035,USA,1984,Birth_Area,15.38616897,15.3736099,12.63009898
1036,USA,1986,Birth_Area,13.94980904,14.77968754,12.75542063
1037,USA,1990,Mother_Occ,7.25021824,7.699212449,12.9981838
1038,USA,1978,Sex,7.649472424,7.640030065,13.2533228
1039,USA,1982,Birth_Area,12.09641925,13.2376683,13.3504443
1040,USA,2010,Mother_Occ,9.635882365,11.5057608,13.41187693
1041,USA,1972,Birth_Area,9.134511163,11.21592504,13.54102138
1042,USA,1976,Birth_Area,10.13766665,12.34608434,13.79716727
1043,USA,1988,Mother_Occ,6.14843708,7.5146451,13.969412
1044,USA,1996,Birth_Area,10.63423417,11.92346047,13.97482019
1045,USA,1974,Birth_Area,9.377509142,11.02597474,13.97694664
1046,USA,2012,Mother_Edu,19.71573477,19.02096469,13.99684517
1047,USA,2008,Ethnicity,12.9249242,10.25192836,14.22024634
1048,USA,1980,Father_Edu,24.65964384,25.40017831,14.27714454
1049,USA,2002,Mother_Occ,10.52922293,10.42324493,14.36428477
1050,USA,1994,Mother_Occ,6.474362615,6.910865526,14.39015464
1051,USA,2012,Birth_Area,15.14834296,15.23719501,14.39196499
1052,USA,1998,Father_Occ,16.48752594,16.15991646,14.39475415
1053,USA,2002,Birth_Area,11.5558257,13.65788465,14.44716049
1054,USA,1992,Birth_Area,11.58294692,13.3809016,14.4882177
1055,USA,1980,Sex,3.894084805,4.892531507,14.61707788
1056,USA,2008,Father_Occ,17.71288932,16.86469218,14.6624421
1057,USA,2002,Father_Occ,14.6536446,16.50067967,14.66565101
1058,USA,2014,Birth_Area,14.25111234,15.20996193,14.68744751
1059,USA,1990,Birth_Area,14.7347885,14.95065444,14.76114969
1060,USA,2010,Father_Occ,16.36718355,15.56621245,14.84127407
1061,USA,1988,Father_Occ,19.31541528,19.71527035,15.28968119
1062,USA,2002,Ethnicity,11.74493674,8.817449905,15.3361909
1063,USA,1980,Mother_Occ,5.18263978,5.705865941,15.44691516
1064,USA,1970,Birth_Area,10.56867577,13.46659722,15.80079884
1065,USA,2002,Father_Edu,24.2442758,22.63958024,15.87865014
1066,USA,2008,Mother_Edu,19.28535786,19.01384042,15.92470999
1067,USA,2004,Father_Edu,21.52212113,20.96840693,15.92912668
1068,USA,2012,Ethnicity,13.08711445,11.40690357,16.088656
1069,USA,1998,Mother_Edu,23.1234007,20.91908577,16.14047165
1070,USA,2010,Birth_Area,16.47132464,17.04274032,16.16686025
1071,USA,1998,Ethnicity,11.59686595,9.194453741,16.23115827
1072,USA,1980,Father_Occ,19.90190239,21.48455396,16.36673479
1073,USA,1994,Father_Occ,19.54852289,20.69311258,16.44831079
1074,USA,2002,Mother_Edu,24.36134453,22.6549467,16.46631432
1075,USA,2000,Father_Occ,18.07594325,17.56056086,16.57816544
1076,USA,1988,Mother_Edu,21.34761771,21.33461163,16.62635124
1077,USA,2006,Mother_Occ,7.143327782,8.21315334,16.65766226
1078,USA,1988,Birth_Area,20.1706338,18.3023157,16.65915296
1079,USA,2012,Father_Occ,15.13926266,15.4698038,16.75493649
1080,USA,2008,Mother_Occ,8.338557611,10.81401328,16.92970034
1081,USA,2006,Mother_Edu,19.33234529,20.41127763,16.98221133
1082,USA,1994,Mother_Edu,19.08868033,19.15565076,17.19528638
1083,USA,2014,Mother_Edu,18.49469491,18.56674578,17.24320336
1084,USA,2000,Mother_Edu,22.5677056,22.08268,17.25855167
1085,USA,2004,Father_Occ,13.59500287,14.10826688,17.26765262
1086,USA,2000,Mother_Occ,8.800112979,9.490187195,17.49917607
1087,USA,1984,Father_Occ,21.7634839,20.92004796,17.58481091
1088,USA,2012,Father_Edu,22.53062833,22.04487899,17.6691353
1089,USA,1990,Father_Occ,17.8383903,17.7631716,17.89131363
1090,USA,2006,Father_Edu,25.20951643,23.74285721,18.05174807
1091,USA,2010,Mother_Edu,19.96478474,19.35382743,18.07538493
1092,USA,2014,Father_Occ,19.85109117,18.66427945,18.22063976
1093,USA,1996,Father_Occ,17.56913685,17.3113234,18.36069012
1094,USA,1998,Mother_Occ,7.061336874,7.588339765,18.39252279
1095,USA,1992,Father_Occ,17.49720286,17.7329977,18.5956213
1096,USA,1998,Father_Edu,24.07718086,22.7280773,18.66458266
1097,USA,2004,Mother_Edu,22.28110054,20.79791824,18.69541362
1098,USA,2008,Father_Edu,20.1723914,19.01384042,18.70652329
1099,USA,1986,Father_Occ,20.51482439,19.88451113,18.90046465
1100,USA,2004,Mother_Occ,8.703802233,9.643086959,19.01517259
1101,USA,1978,Mother_Edu,21.41457647,21.43944005,19.34443255
1102,USA,1992,Mother_Edu,18.87164263,19.45531657,19.44955136
1103,USA,1980,Mother_Edu,24.69681369,22.85560343,19.50611919
1104,USA,1990,Mother_Edu,20.5328356,20.8003307,19.80718983
1105,USA,2006,Ethnicity,13.12916773,10.37110829,19.87364857
1106,USA,1982,Father_Occ,21.6461276,21.76366402,19.87693888
1107,USA,2014,Father_Edu,21.76942301,21.12700464,19.97521822
1108,USA,1988,Father_Edu,21.48309787,20.75514147,20.06233131
1109,USA,2000,Father_Edu,24.85743261,24.58932282,20.08796269
1110,USA,1994,Father_Edu,22.7569699,21.49844972,20.16729564
1111,USA,2010,Father_Edu,20.28667538,19.76308244,20.24742975
1112,USA,1986,Mother_Edu,19.42238919,20.09379979,20.45064947
1113,USA,1984,Father_Edu,20.20750672,20.72301642,20.6048258
1114,USA,1974,Mother_Edu,23.00024531,22.47446306,20.67166267
1115,USA,1996,Mother_Edu,21.00094625,20.79393875,20.81210791
1116,USA,1974,Father_Edu,24.18983635,23.52137497,20.92659391
1117,USA,1984,Mother_Edu,20.2951674,20.24028913,20.93513993
1118,USA,1982,Father_Edu,23.21577854,22.08717181,21.29441192
1119,USA,1990,Father_Edu,22.84806267,22.9479077,21.3722718
1120,USA,1976,Mother_Edu,22.79877828,22.53801956,21.52047267
1121,USA,1978,Father_Edu,22.77130131,23.19254113,21.68451991
1122,USA,1972,Mother_Edu,23.9673082,23.44012805,21.90981396
1123,USA,1992,Father_Edu,21.49557308,21.74248197,21.92594853
1124,USA,1986,Father_Edu,23.92738388,23.68810517,22.40926622
1125,USA,1972,Father_Occ,20.43568986,20.28790787,22.43412385
1126,USA,1976,Father_Edu,23.33725522,22.57353153,22.47297542
1127,USA,1974,Father_Occ,23.08978442,22.22680648,22.62244085
1128,USA,1982,Mother_Edu,22.54478272,22.36893666,22.65069908
1129,USA,1978,Father_Occ,23.88777279,22.87948737,22.72838241
1130,USA,1970,Mother_Edu,23.83364568,22.89650819,22.97486489
1131,USA,1970,Father_Occ,22.99913583,22.93986411,23.01633348
1132,USA,1972,Father_Edu,24.19476837,24.05988659,23.59365536
1133,USA,1970,Father_Edu,25.58985296,24.90171915,23.71093236
1134,USA,1976,Father_Occ,22.28791555,22.2539238,24.15993811
1135,USA,1996,Father_Edu,25.54274742,25.91595318,24.53926353
1136,UZB,2016,Sex,1.149509359,3.089609039,4.450342158
1137,UZB,2016,Father_Edu,16.8175213,16.15910073,11.47802679
1138,UZB,2016,Mother_Occ,19.56826507,14.37287792,14.28770626
1139,UZB,2016,Birth_Area,10.60869966,8.740086165,14.80362755
1140,UZB,2016,Mother_Edu,19.40546595,16.72503271,18.12225641
1141,UZB,2016,Ethnicity,8.149871557,9.084950966,18.23380696
1142,UZB,2016,Father_Occ,24.3006671,31.82834247,18.62423388
1143,ZAF,2008,Sex,2.075170472,4.635114425,0.781578089
1144,ZAF,2015,Sex,3.007955067,4.487405026,4.036536815
1145,ZAF,2017,Sex,3.341228645,4.397952733,5.253655266
1146,ZAF,2012,Sex,4.788232098,5.679327829,7.312606722
1147,ZAF,2015,Father_Occ,18.08911237,17.4084868,11.399883
1148,ZAF,2012,Father_Occ,15.74880393,15.0724547,12.13517369
1149,ZAF,2012,Mother_Occ,8.857662595,9.208299397,12.60155363
1150,ZAF,2017,Father_Occ,16.65586809,16.03704059,13.77814889
1151,ZAF,2015,Mother_Occ,12.03159501,12.18640834,13.83611206
1152,ZAF,2008,Father_Occ,19.53075399,18.9118852,14.57941859
1153,ZAF,2017,Mother_Occ,12.36163591,12.67303838,16.05754527
1154,ZAF,2017,Mother_Edu,22.44750229,23.17160356,16.07036888
1155,ZAF,2017,Father_Edu,23.64614379,22.99171039,16.42622401
1156,ZAF,2015,Mother_Edu,23.60513052,23.65318737,17.62710313
1157,ZAF,2015,Father_Edu,22.43322923,22.47968659,17.63881576
1158,ZAF,2008,Mother_Occ,10.99074447,10.65928075,17.75154671
1159,ZAF,2008,Father_Edu,22.46668843,22.59686271,18.65001074
1160,ZAF,2008,Mother_Edu,20.86972298,21.13696725,18.79669874
1161,ZAF,2012,Father_Edu,23.04868101,22.83768906,19.29956331
1162,ZAF,2012,Mother_Edu,21.66830151,22.03684079,19.59725263
1163,ZAF,2012,Ethnicity,25.88831886,25.16538823,29.05385001
1164,ZAF,2008,Ethnicity,24.06691966,22.05988967,29.44074713
1165,ZAF,2017,Ethnicity,21.54762127,20.72865436,32.41405768
1166,ZAF,2015,Ethnicity,20.83297781,19.78482588,35.46154923
1167,UGA,2015,Ethnicity,19.05770313,17.45857975,15.83200895
1168,UGA,2015,Father_Edu,26.89675106,26.88693628,25.04387349
1169,UGA,2015,Father_Occ,12.88033041,14.11877239,14.83654562
1170,UGA,2015,Mother_Edu,30.02349105,28.26417644,28.75006005
1171,UGA,2015,Mother_Occ,10.06436173,10.87651953,12.12582238
1172,UGA,2015,Sex,1.077362611,2.395015605,3.411689511
1173,NPL,2003,Birth_Area,41.41676015,42.13888493,37.5944569
1174,NPL,2003,Ethnicity,7.19376996,9.117956154,9.332264506
1175,NPL,2003,Father_Edu,38.12980629,36.51692641,38.03285699
1176,NPL,2003,Mother_Edu,12.34977602,11.21811307,13.89162543
1177,NPL,2003,Sex,0.90988758,1.00811944,1.148796182
1178,NPL,2011,Birth_Area,42.10757635,43.47664754,23.77338806
1179,NPL,2011,Ethnicity,8.186075526,8.651609092,9.609896261
1180,NPL,2011,Father_Edu,31.99474985,30.9046742,38.68092821
1181,NPL,2011,Mother_Edu,16.2897312,15.40820439,26.24469151
1182,NPL,2011,Sex,1.421867069,1.558864775,1.691095968